ID,Species,Group,Category,Provenance,Time,Ecology,PP,PP_marine,PP_trif,PP_alaska,Reference,Mean_EAA,val_norm,ile_norm,leu_norm,phe_norm,lys_norm,Check,val-phe,ala_d13C,ala_d13C_sd,asx_d13C,asx_d13C_sd,glx_d13C,glx_d13C_sd,gly_d13C,gly_d13C_sd,his_d13C,his_d13C_sd,met_d13C,met_d13C_sd,val_d13C,val_d13C_sd,leu_d13C,leu_d13C_sd,ile_d13C,ile_d13C_sd,thr_d13C,thr_d13C_sd,phe_d13C,phe_d13C_sd,lys_d13C,lys_d13C_sd,tyr_d13C,tyr_d13C_sd,ser_d13C,ser_d13C_sd,pro_d13C,pro_d13C_sd
B1,,Bacteria,Bacteria,cultured,modern,,Y,Y,Y,,Larsen et al. 2013,-13.52,-0.08,1.52,0.72,-5.28,3.12,0,5.2,-11.3,0.1,-12.9,0.9,-11.5,0,-12.9,0.1,-8.4,0.9,-18.6,0.1,-13.6,0.1,-12.8,0.1,-12,0.1,-5.2,0.8,-18.8,0.1,-10.4,0.1,-16.8,0.1,,,,
B2,,Bacteria,Bacteria,boreal forest,modern,,Y,Y,Y,,Larsen et al. 2013,-14.38,0.28,1.48,1.38,-2.62,-0.52,0,2.9,-12.2,0,-17.6,0.3,-17.8,0,-13.9,0,-8.1,0.7,-18.5,0.2,-14.1,0.1,-13,0.1,-12.9,0.1,-8.2,1.4,-17,0.1,-14.9,0.1,-18.1,0.1,,,,
B3,,Bacteria,Bacteria,boreal forest,modern,,Y,Y,Y,,Larsen et al. 2013,-20.9,0.1,2,1,-3.7,0.6,0,3.8,-15.9,0,-21.8,0.7,-18.3,0,-21.3,0.2,-16,0.4,-25.7,0.3,-20.8,0.1,-19.9,0.1,-18.9,0.2,-15,0.8,-24.6,0.1,-20.3,0.2,-22.9,0,,,,
B4,,Bacteria,Bacteria,boreal forest,modern,,Y,Y,Y,,Larsen et al. 2013,-25.08,-1.32,1.38,-0.12,-3.82,3.88,0,2.5,-22.6,0,-22.7,0.4,-22.9,0,-25.3,0.1,-22.2,0.4,-27.5,0.2,-26.4,0.2,-25.2,0.2,-23.7,0.1,-15.1,0.1,-28.9,0.1,-21.2,1.1,-27.7,0.2,,,,
B5,,Bacteria,Bacteria,tundra soil,modern,,Y,Y,Y,,Larsen et al. 2013,-16.94,-0.86,0.84,-0.76,-1.36,2.14,0,0.5,-14.8,0.1,-17.4,0.6,-16.5,0,-13.8,0.4,-8.1,0.2,-20,0.2,-17.8,0.1,-17.7,0.3,-16.1,0.1,-8.3,0.2,-18.3,0.1,-14.8,0.2,-18,0,,,,
B6,,Bacteria,Bacteria,tundra soil,modern,,Y,Y,Y,,Larsen et al. 2013,-18.56,-2.54,1.46,-0.64,-1.54,3.26,0,-1,-18.3,0.1,-15.1,0.1,-14.3,0.1,-18.5,0.1,-11.8,0.2,-18.8,0.2,-21.1,0.1,-19.2,0.1,-17.1,0.5,-8.6,1.3,-20.1,0.1,-15.3,0.1,-20.2,0.1,,,,
B7,,Bacteria,Bacteria,tundra soil,modern,,Y,Y,Y,,Larsen et al. 2013,-16.68,-2.32,1.08,-0.72,-1.82,3.78,0,-0.5,-15.3,0,-15.3,0.9,-13.9,0,-14.3,0.1,-9.8,0,-18.5,0.1,-19,0.1,-17.4,0.1,-15.6,0.2,-7.4,0.3,-18.5,0.1,-12.9,0.2,-18.3,0.1,,,,
B8,,Bacteria,Bacteria,arctic lake,modern,,Y,Y,Y,,Larsen et al. 2013,-16.36,-1.34,0.26,0.46,-1.34,1.96,0,0,-14.1,0.1,-15.4,0.7,-15.2,0,-14,0.3,-7.8,0.3,-20.7,0.3,-17.7,0.1,-15.9,0.1,-16.1,0.2,-7.8,0.5,-17.7,0.1,-14.4,0.1,-17.4,0.2,,,,
B9,,Bacteria,Bacteria,tundra soil,modern,,Y,Y,Y,,Larsen et al. 2013,-23.78,-1.32,2.58,-0.32,-3.22,2.28,0,1.9,-18.1,0.1,-24.2,0.9,-21.2,0,-21.7,0.2,-16.8,0.2,-27.4,0.3,-25.1,0.1,-24.1,0.5,-21.2,0.5,-16.8,0.2,-27,0.1,-21.5,0.1,-25.2,0.1,,,,
B10,,Bacteria,Bacteria,tundra soil,modern,,Y,Y,Y,,Larsen et al. 2013,-19.22,-2.18,0.62,1.82,-1.68,1.42,0,-0.5,-16.5,0,-19.2,0,-16.8,0.1,-15.5,0.3,-10.6,0.4,,,-21.4,0.1,-17.4,0.1,-18.6,0.1,-12.2,0.3,-20.9,0.1,-17.8,0.2,-19.7,0.1,,,,
B11,,Bacteria,Bacteria,tundra soil,modern,,Y,Y,Y,,Larsen et al. 2013,-20.02,-2.08,1.42,1.02,-1.88,1.52,0,-0.2,-17.2,0.1,-18.9,0.1,-18.5,0,-16.9,0.6,-11.8,0.5,,,-22.1,0.1,-19,0.1,-18.6,0.1,-11.6,0.7,-21.9,0.1,-18.5,0.1,-20.9,0.1,,,,
B12,,Bacteria,Bacteria,arctic lake,modern,,Y,Y,Y,,Larsen et al. 2013,-25.54,-0.46,1.54,1.34,-3.16,0.74,0,2.7,-20.8,0.1,-24.4,0,-24.1,0,-22.4,0.4,,,-31.6,0.3,-26,0.1,-24.2,0.1,-24,0.1,-17.9,1.6,-28.7,0.1,-24.8,0.2,-25.5,0,,,,
,Actinobacteria,Bacteria,Bacteria,,,,Y,Y,Y,,Larsen et al. 2009,-26.82,-0.98,-1.18,0.32,-2.68,4.52,0,1.7,-28.6,,-24.9,,-25.3,,-38,,,,-30.1,,-27.8,0.1,-26.5,0.1,-28,0.1,-18.2,0.1,-29.5,0.1,-22.3,,,,-19.2,,-20.2,
,Rhodococcus spp.,Bacteria,Bacteria,,,,Y,Y,Y,,Larsen et al. 2009,-26.66,-0.14,-0.64,0.46,-2.54,2.86,0,2.4,-28.3,,-24.7,,-25.9,,-37.3,,,,-30.1,,-26.8,0.1,-26.2,0.1,-27.3,0.1,-18.4,0.1,-29.2,0.1,-23.8,,,,-19.3,,-20,
,Bradyrhizobium sp.1,Bacteria,Bacteria,,,,Y,Y,Y,,Larsen et al. 2009,-24.64,-0.96,-0.16,0.14,-1.56,2.54,0,0.6,-22.7,,-23.7,,-23.1,,-21.4,,,,-28.3,,-25.6,0.1,-24.5,0.1,-24.8,0.1,-22.1,0.1,-26.2,0.1,-22.1,,,,-14,,-21.3,
,Bradyrhizobium sp. 2,Bacteria,Bacteria,,,,Y,Y,Y,,Larsen et al. 2009,-23.22,-3.08,-0.78,0.92,0.82,2.12,0,-3.9,-18.6,,-23,,-23.5,,-22.7,,,,-25.6,,-26.3,0.1,-22.3,0.1,-24,0.1,-21,0.1,-22.4,0.1,-21.1,,,,-11.7,,-22.9,
,Methylobacterium sp.,Bacteria,Bacteria,,,,Y,Y,Y,,Larsen et al. 2009,-15.58,0.98,0.18,1.48,-1.82,-0.82,0,2.8,-12.2,,-16.9,,-19.2,,-12.9,,,,-17.1,,-14.6,0.1,-14.1,0.1,-15.4,0.1,-18.2,0.1,-17.4,0.1,-16.4,,,,-5.4,,-14.2,
,Burkholderia xenovora,Bacteria,Bacteria,,,,Y,Y,Y,,Larsen et al. 2009,-14.44,-1.56,0.24,1.54,-4.56,4.34,0,3,-12.5,,-12.8,,-14.5,,-12.2,,,,-20.1,,-16,0.1,-12.9,0.1,-14.2,0.1,-10.1,0.1,-19,0.1,-10.1,,,,1.2,,-8.5,
,Escherichia coli,Bacteria,Bacteria,,,,Y,Y,Y,,Larsen et al. 2009,-13.42,-0.18,0.92,-0.58,-2.08,1.92,0,1.9,-11.2,,-14.9,,-15.6,,-9.7,,,,-20.2,,-13.6,0.1,-14,0.1,-12.5,0.1,-11.5,0.1,-15.5,0.1,-11.5,,,,-4.2,,-14.3,
,Gamma Proteobacteria,Bacteria,Bacteria,,,,Y,Y,Y,,Larsen et al. 2009,-29.52,-0.88,1.62,-0.58,-2.38,2.22,0,1.5,-26.8,,-28.5,,-28,,-37.7,,,,-34,,-30.4,0.1,-30.1,0.1,-27.9,0.1,-33.4,0.1,-31.9,0.1,-27.3,,,,-18.4,,-26.6,
,Klebsiella sp.,Bacteria,Bacteria,,,,Y,Y,Y,,Larsen et al. 2009,-24.26,0.26,1.36,0.16,-3.44,1.66,0,3.7,-19.4,,-24.5,,-22.5,,-22.7,,,,-26.2,,-24,0.1,-24.1,0.1,-22.9,0.1,-25.5,0.1,-27.7,0.1,-22.6,,,,-12.4,,-20.3,
,Pedobacter sp.,Bacteria,Bacteria,,,,Y,Y,Y,,Larsen et al. 2009,-27.3,1.3,-2,0.6,-1.6,1.7,0,2.9,-22.7,,-26.8,,-23.4,,-35.6,,,,-31.3,,-26,0.1,-26.7,0.1,-29.3,0.1,-25,0.1,-28.9,0.1,-25.6,,,,-19.4,,-24.9,
HUM-ISM-MIN5-B2,Macrocystis,Macroalgae,brown algae,Antofagasta_Chile,modern,Subtidal,Y,Y,Y,,Elliot-Smith et al. 2022,-21.58,0.88,0.58,-7.32,-3.62,9.48,0,4.5,-11.9,,-8.4,,-16.7,,-13.5,,,,,,-20.7,0.1,-28.9,0.1,-21,0.1,-4.6,0.1,-25.2,0.1,-12.1,,,,-25.4,,-19.9,
HUM-ISM12-MIN25,Macrocystis,Macroalgae,brown algae,Antofagasta_Chile,modern,Subtidal,Y,Y,Y,,Elliot-Smith et al. 2022,-20,2.7,1.1,-5,-4.2,5.4,0,6.9,-12.8,,-11,,-15.3,,-18.9,,,,,,-17.3,0.1,-25,0.1,-18.9,0.1,-9.6,0.1,-24.2,0.1,-14.6,,,,-11.7,,-14.3,
HUM-ISM12-MIN3-B3,Macrocystis,Macroalgae,brown algae,Antofagasta_Chile,modern,Subtidal,Y,Y,Y,,Elliot-Smith et al. 2022,-20.46,0.36,1.86,-4.84,-4.14,6.76,0,4.5,-15.7,,-13.1,,-17.2,,-11.3,,,,,,-20.1,0.1,-25.3,0.1,-18.6,0.1,-7.8,0.1,-24.6,0.1,-13.7,,,,-5,,-16.2,
HUM-ISM5-MIN1-B3,Macrocystis,Macroalgae,brown algae,Antofagasta_Chile,modern,Subtidal,Y,Y,Y,,Elliot-Smith et al. 2022,-17.38,0.28,1.88,-3.72,-3.62,5.18,0,3.9,-9.6,,-7.6,,-10.1,,-9.3,,,,,,-17.1,0.1,-21.1,0.1,-15.5,0.1,-4,0.1,-21,0.1,-12.2,,,,2.7,,-14.8,
HUM-ISM5-MIN2-B3,Macrocystis,Macroalgae,brown algae,Antofagasta_Chile,modern,Subtidal,Y,Y,Y,,Elliot-Smith et al. 2022,-19.88,0.78,2.88,-6.92,-4.42,7.68,0,5.2,-13.5,,-12.7,,-14.2,,-14.4,,,,,,-19.1,0.1,-26.8,0.1,-17,0.1,-6.5,0.1,-24.3,0.1,-12.2,,,,-4.4,,-18.6,
KATM-AM-LAM-2012-01,Saccharina,Macroalgae,brown algae,Katmai_NP,modern,Subtidal,Y,Y,Y,Y,Elliot-Smith et al. 2022,-17.46,1.66,-0.94,-4.14,-2.34,5.76,0,4,-12,,-3.9,,-12.4,,-11.4,,,,,,-15.8,0.1,-21.6,0.1,-18.4,0.1,-6.4,0.1,-19.8,0.1,-11.7,,,,-0.5,,-11.2,
KATM-AM-LAM-2012-03,Saccharina,Macroalgae,brown algae,Katmai_NP,modern,Subtidal,Y,Y,Y,Y,Elliot-Smith et al. 2022,-18.3,0.5,0.6,-9.7,18.3,8.6,18.3,-17.8,-10.8,,-6.3,,-14.9,,-13.4,,,,,,-17.8,0.1,-28,0.1,-17.7,0.1,-2.5,0.1,,,-9.7,,,,0.5,,-14.4,
KATM-AM-LAM-2012-04,Saccharina,Macroalgae,brown algae,Katmai_NP,modern,Subtidal,Y,Y,Y,Y,Elliot-Smith et al. 2022,-13.96,0.76,1.46,-6.84,-3.24,7.86,0,4,-5.4,,0.7,,-6.4,,-3.9,,,,,,-13.2,0.1,-20.8,0.1,-12.5,0.1,1.6,0.1,-17.2,0.1,-6.1,,,,6.8,,-8.3,
KATM-AM-LAM-2012-05,Saccharina,Macroalgae,brown algae,Katmai_NP,modern,Subtidal,Y,Y,Y,Y,Elliot-Smith et al. 2022,-13.72,0.52,5.32,-5.88,-3.88,3.92,0,4.4,-12.4,,-3.2,,-9.7,,-10.6,,,,,,-13.2,0.1,-19.6,0.1,-8.4,0.1,0.7,0.1,-17.6,0.1,-9.8,,,,3.7,,-10.5,
KATM-AM-LAM-2012-06,Saccharina,Macroalgae,brown algae,Katmai_NP,modern,Subtidal,Y,Y,Y,Y,Elliot-Smith et al. 2022,-16.1,1.8,1.7,-6,-3.8,6.3,0,5.6,-9.8,,-1.9,,-9.8,,-10.3,,,,,,-14.3,0.1,-22.1,0.1,-14.4,0.1,-3.5,0.1,-19.9,0.1,-9.8,,,,0.4,,-9.8,
KATM-AM-LAM-2012-07,Saccharina,Macroalgae,brown algae,Katmai_NP,modern,Subtidal,Y,Y,Y,Y,Elliot-Smith et al. 2022,-17.9,-0.4,1.4,-5.8,-2.7,7.5,0,2.3,-9.8,,-7,,-14.8,,-11.9,,,,,,-18.3,0.1,-23.7,0.1,-16.5,0.1,-3.2,0.1,-20.6,0.1,-10.4,,,,2.7,,-14.3,
KATM-AM-LAM-2012-08,Saccharina,Macroalgae,brown algae,Katmai_NP,modern,Subtidal,Y,Y,Y,Y,Elliot-Smith et al. 2022,-16.24,0.64,1.24,-5.56,-3.16,6.84,0,3.8,-9.6,,-4.6,,-11.3,,-8.4,,,,,,-15.6,0.1,-21.8,0.1,-15,0.1,-3.1,0.1,-19.4,0.1,-9.4,,,,2.5,,-14,
KATM-AM-LAM-2012-09,Saccharina,Macroalgae,brown algae,Katmai_NP,modern,Subtidal,Y,Y,Y,Y,Elliot-Smith et al. 2022,-17.52,-0.58,2.12,-8.18,-2.18,8.82,0,1.6,-9.2,,-5.2,,-12.2,,-6.9,,,,,,-18.1,0.1,-25.7,0.1,-15.4,0.1,-2.9,0.1,-19.7,0.1,-8.7,,,,2.4,,-11.8,
KATM-AM-LAM-2012-10,Saccharina,Macroalgae,brown algae,Katmai_NP,modern,Subtidal,Y,Y,Y,Y,Elliot-Smith et al. 2022,-15.2,-0.2,0.3,-6.7,-3.1,9.7,0,2.9,-8,,-4.9,,-9.3,,-6.3,,,,,,-15.4,0.1,-21.9,0.1,-14.9,0.1,0.2,0.1,-18.3,0.1,-5.5,,,,6.1,,-10.8,
CA-2018-Mia-MAC2B-0.4-Bl,Macrocystis,Macroalgae,brown algae,San_Diego_CA,modern,Subtidal,Y,Y,Y,,Elliot-Smith et al. 2022,-21.28,-0.72,2.08,-4.12,-3.32,6.08,0,2.6,-17.4,,-11.3,,-18.3,,-15,,,,,,-22,0.1,-25.4,0.1,-19.2,0.1,-7.3,0.1,-24.6,0.1,-15.2,,,,-2.8,,-14.9,
CA-2018-Mia-MAC2B-3.95-Bl,Macrocystis,Macroalgae,brown algae,San_Diego_CA,modern,Subtidal,Y,Y,Y,,Elliot-Smith et al. 2022,-19.96,3.56,4.66,-5.14,-7.64,4.56,0,11.2,-15.3,,-9.6,,-15.5,,-11,,,,,,-16.4,0.1,-25.1,0.1,-15.3,0.1,-6,0.1,-27.6,0.1,-15.4,,,,-10.5,,-7.6,
CA-2018-Mia-MAC2B-9.95-Gt,Macrocystis,Macroalgae,brown algae,San_Diego_CA,modern,Subtidal,Y,Y,Y,,Elliot-Smith et al. 2022,-22.56,1.36,0.96,-4.24,-3.14,5.06,0,4.5,-15.8,,-12.2,,-15.8,,-17.8,,,,,,-21.2,0.1,-26.8,0.1,-21.6,0.1,-11.5,0.1,-25.7,0.1,-17.5,,,,-6.4,,-18.9,
CA-2018-Mia-MAC3-1.3-Bl,Macrocystis,Macroalgae,brown algae,San_Diego_CA,modern,Subtidal,Y,Y,Y,,Elliot-Smith et al. 2022,-21.7,1.3,0,-4.9,-4.2,7.8,0,5.5,-18,,-14.9,,-22,,-11.5,,,,,,-20.4,0.1,-26.6,0.1,-21.7,0.1,-5.4,0.1,-25.9,0.1,-13.9,,,,-6.8,,-14.2,
CA-2018-Mia-MAC3-13.3-Gt,Macrocystis,Macroalgae,brown algae,San_Diego_CA,modern,Subtidal,Y,Y,Y,,Elliot-Smith et al. 2022,-20.08,2.48,2.48,-4.52,-3.72,3.28,0,6.2,-13.4,,-9,,-14.7,,-16.5,,,,,,-17.6,0.1,-24.6,0.1,-17.6,0.1,-9,0.1,-23.8,0.1,-16.8,,,,-12.2,,-16.7,
CA-2018-Mia-MAC3-7.3-Bl,Macrocystis,Macroalgae,brown algae,San_Diego_CA,modern,Subtidal,Y,Y,Y,,Elliot-Smith et al. 2022,-19.84,1.84,3.24,-5.16,-4.36,4.44,0,6.2,-16.6,,-12.5,,-18.9,,-8.9,,,,,,-18,0.1,-25,0.1,-16.6,0.1,-1,0.1,-24.2,0.1,-15.4,,,,3,,-14.4,
CA-2018-Mia-MAC7-1.0-Bl,Macrocystis,Macroalgae,brown algae,San_Diego_CA,modern,Subtidal,Y,Y,Y,,Elliot-Smith et al. 2022,-21.42,4.22,3.62,-5.38,-4.88,2.42,0,9.1,-16.6,,-10.5,,-17.2,,-8.7,,,,,,-17.2,0.1,-26.8,0.1,-17.8,0.1,-6.2,0.1,-26.3,0.1,-19,,,,-7.7,,-12.8,
CA-2018-Mia-MAC7-2.3-Bl,Macrocystis,Macroalgae,brown algae,San_Diego_CA,modern,Subtidal,Y,Y,Y,,Elliot-Smith et al. 2022,-22.5,3.7,2.9,-6.3,-3.3,3,0,7,-17.8,,-11.8,,-16.6,,-13.3,,,,,,-18.8,0.1,-28.8,0.1,-19.6,0.1,-7.3,0.1,-25.8,0.1,-19.5,,,,-17.5,,-11.4,
CA-2018-Mia-MAC7-5.3-Gt,Macrocystis,Macroalgae,brown algae,San_Diego_CA,modern,Subtidal,Y,Y,Y,,Elliot-Smith et al. 2022,-25.02,4.02,3.22,-6.38,-3.28,2.42,0,7.3,-19.2,,-16.2,,-18.9,,-18.8,,,,,,-21,0.1,-31.4,0.1,-21.8,0.1,-9.9,0.1,-28.3,0.1,-22.6,,,,-25.6,,-13.8,
CA-2018-Mia-MAC8-0.0-Bl,Macrocystis,Macroalgae,brown algae,San_Diego_CA,modern,Subtidal,Y,Y,Y,,Elliot-Smith et al. 2022,-22.66,3.26,0.56,-5.64,-4.54,6.36,0,7.8,-15.9,,-12,,-15.9,,-22,,,,,,-19.4,0.1,-28.3,0.1,-22.1,0.1,-9.6,0.1,-27.2,0.1,-16.3,,,,-16.2,,,
CA-2018-Mia-MAC8-1.75-Bl,Macrocystis,Macroalgae,brown algae,San_Diego_CA,modern,Subtidal,Y,Y,Y,,Elliot-Smith et al. 2022,-21.56,2.76,-2.14,-4.24,-2.64,6.26,0,5.4,-13.8,,-10.7,,-15.7,,-16.6,,,,,,-18.8,0.1,-25.8,0.1,-23.7,0.1,-10,0.1,-24.2,0.1,-15.3,,,,-17,,-18.9,
CA-2018-Mia-MAC8-2.75-Gt,Macrocystis,Macroalgae,brown algae,San_Diego_CA,modern,Subtidal,Y,Y,Y,,Elliot-Smith et al. 2022,-19.02,3.02,0.32,-4.68,-4.48,5.82,0,7.5,-11,,-7.3,,-10.8,,-13.3,,,,,,-16,0.1,-23.7,0.1,-18.7,0.1,-6.4,0.1,-23.5,0.1,-13.2,,,,-10.7,,,
CA-2018-Mia-MACX-0.4-Bl,Macrocystis,Macroalgae,brown algae,San_Diego_CA,modern,Subtidal,Y,Y,Y,,Elliot-Smith et al. 2022,-17.78,3.58,0.38,-4.22,-4.72,4.98,0,8.3,-12.4,,-8.3,,-14.7,,-20.6,,,,,,-14.2,0.1,-22,0.1,-17.4,0.1,-6.6,0.1,-22.5,0.1,-12.8,,,,-14.2,,-11.7,
CA-2018-Mia-MACX-12.4-Bl,Macrocystis,Macroalgae,brown algae,San_Diego_CA,modern,Subtidal,Y,Y,Y,,Elliot-Smith et al. 2022,-18.76,3.46,0.66,-4.24,-4.24,4.36,0,7.7,-10.1,,-8.4,,-15.8,,-20.8,,,,,,-15.3,0.1,-23,0.1,-18.1,0.1,-8.9,0.1,-23,0.1,-14.4,,,,-17.5,,-9.9,
CA-2018-Mia-MACX-14.4-Gt,Macrocystis,Macroalgae,brown algae,San_Diego_CA,modern,Subtidal,Y,Y,Y,,Elliot-Smith et al. 2022,-18.62,4.12,0.02,-3.98,-3.18,3.02,0,7.3,-11.7,,-9.7,,-14,,-17.8,,,,,,-14.5,0.1,-22.6,0.1,-18.6,0.1,-10.4,0.1,-21.8,0.1,-15.6,,,,-17.3,,-12,
CA-2016-NB-MAC-01,Macrocystis,Macroalgae,brown algae,Santa_Cruz_CA,modern,Subtidal,Y,Y,Y,,Elliot-Smith et al. 2022,-16.3,-0.6,2.8,-5,-2.9,5.7,0,2.3,-10.1,,-7.6,,-14.6,,-7,,,,,,-16.9,0.1,-21.3,0.1,-13.5,0.1,0.3,0.1,-19.2,0.1,-10.6,,,,-2.7,,-10.6,
CA-2016-NB-MAC-02,Macrocystis,Macroalgae,brown algae,Santa_Cruz_CA,modern,Subtidal,Y,Y,Y,,Elliot-Smith et al. 2022,-15.7,1.9,4.2,-5.5,-4.6,4,0,6.5,-7.2,,-6.8,,-12.5,,-14.3,,,,,,-13.8,0.1,-21.2,0.1,-11.5,0.1,-4.2,0.1,-20.3,0.1,-11.7,,,,-8.8,,-7.3,
CA-2016-NB-MAC-03,Macrocystis,Macroalgae,brown algae,Santa_Cruz_CA,modern,Subtidal,Y,Y,Y,,Elliot-Smith et al. 2022,-15.62,-0.98,3.22,-4.28,-3.28,5.32,0,2.3,-9.7,,-8.4,,-13.2,,-6.2,,,,,,-16.6,0.1,-19.9,0.1,-12.4,0.1,0.7,0.1,-18.9,0.1,-10.3,,,,-20.6,,-8.9,
CA-2016-NB-MAC-04,Macrocystis,Macroalgae,brown algae,Santa_Cruz_CA,modern,Subtidal,Y,Y,Y,,Elliot-Smith et al. 2022,-15.72,-0.48,2.62,-5.18,-2.98,6.02,0,2.5,-8.7,,-9,,-15.3,,-4.9,,,,,,-16.2,0.1,-20.9,0.1,-13.1,0.1,3.8,0.1,-18.7,0.1,-9.7,,,,1.1,,-9.7,
CA-2016-NB-MAC-05,Macrocystis,Macroalgae,brown algae,Santa_Cruz_CA,modern,Subtidal,Y,Y,Y,,Elliot-Smith et al. 2022,-16,0.7,3,-5.6,-3.8,5.7,0,4.5,-7.9,,-2.8,,-8.1,,-13.2,,,,,,-15.3,0.1,-21.6,0.1,-13,0.1,-2,0.1,-19.8,0.1,-10.3,,,,-4.4,,-10.4,
CA-2016-NB-MAC-06,Macrocystis,Macroalgae,brown algae,Santa_Cruz_CA,modern,Subtidal,Y,Y,Y,,Elliot-Smith et al. 2022,-20.64,1.94,0.74,-4.56,-4.76,6.64,0,6.7,-13.3,,-10.8,,-14.3,,-14,,,,,,-18.7,0.1,-25.2,0.1,-19.9,0.1,-8.7,0.1,-25.4,0.1,-14,,,,-12.3,,-16.9,
CA-2016-TP-MAC-08,Macrocystis,Macroalgae,brown algae,Santa_Cruz_CA,modern,Subtidal,Y,Y,Y,,Elliot-Smith et al. 2022,-18.7,1.7,1.3,-3.5,-2.8,3.3,0,4.5,-10.5,,-10.5,,-18.9,,-10,,,,,,-17,0.1,-22.2,0.1,-17.4,0.1,-2.5,0.1,-21.5,0.1,-15.4,,,,-6.1,,-11.2,
CA-2016-TP-MAC-10,Macrocystis,Macroalgae,brown algae,Santa_Cruz_CA,modern,Subtidal,Y,Y,Y,,Elliot-Smith et al. 2022,-14.12,1.52,1.82,-4.18,-3.88,4.72,0,5.4,-8.3,,-7.5,,-13.7,,-6.5,,,,,,-12.6,0.1,-18.3,0.1,-12.3,0.1,1.9,0.1,-18,0.1,-9.4,,,,4.1,,-8.2,
NMNH-42956-MAPY-1966-Bl,Macrocystis,Macroalgae,brown algae,Santa_Cruz_CA,historical,Subtidal,Y,Y,Y,,Elliot-Smith et al. 2022,-15.12,4.12,1.12,-5.38,-4.48,4.62,0,8.6,-8.5,,-1.8,,-9,,-14.5,,,,,,-11,0.1,-20.5,0.1,-14,0.1,-1.6,0.1,-19.6,0.1,-10.5,,,,-12.1,,-7.8,
NMNH-47418-MAPY-1932-JBl,Macrocystis,Macroalgae,brown algae,Santa_Cruz_CA,historical,Subtidal,Y,Y,Y,,Elliot-Smith et al. 2022,-16.28,2.58,3.98,-5.92,-6.32,5.68,0,8.9,-5.9,,-4.2,,-9.4,,-14.5,,,,,,-13.7,0.1,-22.2,0.1,-12.3,0.1,-0.4,0.1,-22.6,0.1,-10.6,,,,-6.8,,-7.4,
NMNH-47419-MAPY-1932-JBl,Macrocystis,Macroalgae,brown algae,Santa_Cruz_CA,historical,Subtidal,Y,Y,Y,,Elliot-Smith et al. 2022,-12.32,0.72,0.62,-4.38,-3.68,6.72,0,4.4,-5.7,,-2.2,,-5.4,,-4.1,,,,,,-11.6,0.1,-16.7,0.1,-11.7,0.1,2.1,0.1,-16,0.1,-5.6,,,,-1.9,,-6.2,
NMNH-47420-MAPY-1932-Bl,Macrocystis,Macroalgae,brown algae,Santa_Cruz_CA,historical,Subtidal,Y,Y,Y,,Elliot-Smith et al. 2022,-15.76,1.06,-0.64,-4.54,-2.94,7.06,0,4,-14.3,,-6,,-11.2,,-15.1,,,,,,-14.7,0.1,-20.3,0.1,-16.4,0.1,-2.3,0.1,-18.7,0.1,-8.7,,,,-7.4,,-10.6,
NMNH-71427-MAPY-1905-Bl,Macrocystis,Macroalgae,brown algae,Santa_Cruz_CA,historical,Subtidal,Y,Y,Y,,Elliot-Smith et al. 2022,-14.98,2.28,2.58,-5.22,-4.42,4.78,0,6.7,-3.9,,-5.3,,-11.6,,-14,,,,,,-12.7,0.1,-20.2,0.1,-12.4,0.1,-0.9,0.1,-19.4,0.1,-10.2,,,,-12.4,,-5.2,
NMNH-71433-MAPY-1905-Bl,Macrocystis,Macroalgae,brown algae,Santa_Cruz_CA,historical,Subtidal,Y,Y,Y,,Elliot-Smith et al. 2022,-17.6,0.9,1.5,-4.6,-4,6.2,0,4.9,-10.4,,-6.2,,-11.7,,-4.8,,,,,,-16.7,0.1,-22.2,0.1,-16.1,0.1,-1.5,0.1,-21.6,0.1,-11.4,,,,0.2,,-12.9,
NMNH-71437-MAPY-1905-Bl,Macrocystis,Macroalgae,brown algae,Santa_Cruz_CA,historical,Subtidal,Y,Y,Y,,Elliot-Smith et al. 2022,-15.98,3.48,2.78,-4.22,-5.82,3.78,0,9.3,-4.7,,-2.5,,-10.3,,-13.8,,,,,,-12.5,0.1,-20.2,0.1,-13.2,0.1,-2.1,0.1,-21.8,0.1,-12.2,,,,-9.6,,-6.6,
NMNH-71449-MAPY-1895-Bl,Macrocystis,Macroalgae,brown algae,Santa_Cruz_CA,historical,Subtidal,Y,Y,Y,,Elliot-Smith et al. 2022,-15.58,-0.02,2.38,-6.02,-4.62,8.28,0,4.6,-10.6,,-5.3,,-9.3,,-6.6,,,,,,-15.6,0.1,-21.6,0.1,-13.2,0.1,0.1,0.1,-20.2,0.1,-7.3,,,,-1.5,,-10.9,
NMNH-71452-MAPY-1896-Bl,Macrocystis,Macroalgae,brown algae,Santa_Cruz_CA,historical,Subtidal,Y,Y,Y,,Elliot-Smith et al. 2022,-16.38,1.68,0.88,-4.62,-5.02,7.08,0,6.7,-7.3,,-4,,-9,,-0.9,,,,,,-14.7,0.1,-21,0.1,-15.5,0.1,1.2,0.1,-21.4,0.1,-9.3,,,,2.9,,-9.7,
NMNH-71456-MAPY-1890-JBl,Macrocystis,Macroalgae,brown algae,Santa_Cruz_CA,historical,Subtidal,Y,Y,Y,,Elliot-Smith et al. 2022,-16.14,4.54,2.34,-4.86,-6.06,4.04,0,10.6,-8.9,,-1.9,,-9.1,,-14.6,,,,,,-11.6,0.1,-21,0.1,-13.8,0.1,-2.9,0.1,-22.2,0.1,-12.1,,,,-14,,-7.5,
NMNH-201984-MAPY-1966-MBl,Macrocystis,Macroalgae,brown algae,Santa_Cruz_CA,historical,Subtidal,Y,Y,Y,,Elliot-Smith et al. 2022,-14.82,1.12,1.52,-4.38,-3.78,5.52,0,4.9,-9.5,,-5.9,,-10.3,,-8.9,,,,,,-13.7,0.1,-19.2,0.1,-13.3,0.1,0.7,0.1,-18.6,0.1,-9.3,,,,-2.8,,-10,
NMNH-201988-MAPY-1979-Gt-Bl,Macrocystis,Macroalgae,brown algae,Santa_Cruz_CA,historical,Subtidal,Y,Y,Y,,Elliot-Smith et al. 2022,-16.44,4.34,2.94,-5.36,-5.86,3.94,0,10.2,-6.3,,-3.2,,-8.7,,-7.7,,,,,,-12.1,0.1,-21.8,0.1,-13.5,0.1,-6.3,0.1,-22.3,0.1,-12.5,,,,-14.7,,-2.9,
NMNH-201990-MAPY-1980-Gt-Bl,Macrocystis,Macroalgae,brown algae,Santa_Cruz_CA,historical,Subtidal,Y,Y,Y,,Elliot-Smith et al. 2022,-13.3,2.3,1.9,-4.2,-5.3,5.3,0,7.6,-6.5,,-2.4,,-5.6,,-6.9,,,,,,-11,0.1,-17.5,0.1,-11.4,0.1,0.2,0.1,-18.6,0.1,-8,,,,2.2,,-7,
HUM-COL12-LES1-B3,Lessonia,Macroalgae,brown algae,Antofagasta_Chile,modern,Subtidal,Y,Y,Y,,Elliot-Smith et al. 2022,-23.88,-0.12,3.18,-5.42,-4.72,7.08,0,4.6,-16.7,,-15.8,,-18,,-16.8,,,,,,-24,0.1,-29.3,0.1,-20.7,0.1,-7.6,0.1,-28.6,0.1,-16.8,,,,-9.3,,-19,
HUM-COL12-LES2-B3,Lessonia,Macroalgae,brown algae,Antofagasta_Chile,modern,Subtidal,Y,Y,Y,,Elliot-Smith et al. 2022,-25.44,-0.96,2.24,-4.66,-4.06,7.44,0,3.1,-19,,-17.5,,-20.3,,-18,,,,,,-26.4,0.1,-30.1,0.1,-23.2,0.1,-9.8,0.1,-29.5,0.1,-18,,,,-12.7,,-21.9,
HUM-COL12-LES25,Lessonia,Macroalgae,brown algae,Antofagasta_Chile,modern,Subtidal,Y,Y,Y,,Elliot-Smith et al. 2022,-23.92,2.52,0.72,-5.28,-3.18,5.22,0,5.7,-15.8,,-13.5,,-18.2,,-21.9,,,,,,-21.4,0.1,-29.2,0.1,-23.2,0.1,-11.2,0.1,-27.1,0.1,-18.7,,,,-17.8,,-19.3,
HUM-COL5-LES1-B3,Lessonia,Macroalgae,brown algae,Antofagasta_Chile,modern,Subtidal,Y,Y,Y,,Elliot-Smith et al. 2022,-16.7,0.1,1,-4.3,-3.9,7.1,0,4,-10.7,,-7.5,,,,-8.7,,,,,,-16.6,0.1,-21,0.1,-15.7,0.1,-3,0.1,-20.6,0.1,-9.6,,,,4.1,,-12.3,
HUM-COL5-LES2-B3,Lessonia,Macroalgae,brown algae,Antofagasta_Chile,modern,Subtidal,Y,Y,Y,,Elliot-Smith et al. 2022,-20,0.2,2.8,-5.3,-4.5,6.8,0,4.7,-12.4,,-11.7,,-15.1,,-9.6,,,,,,-19.8,0.1,-25.3,0.1,-17.2,0.1,-7.8,0.1,-24.5,0.1,-13.2,,,,-1.4,,-16.5,
HUM-COL5-LES3-B3,Lessonia,Macroalgae,brown algae,Antofagasta_Chile,modern,Subtidal,Y,Y,Y,,Elliot-Smith et al. 2022,-16.64,0.64,3.84,-5.26,-4.86,5.64,0,5.5,-11.2,,-8.6,,-12.9,,-9.6,,,,,,-16,0.1,-21.9,0.1,-12.8,0.1,-2.7,0.1,-21.5,0.1,-11,,,,0.7,,-16,
HUM-COL5-LES5,Lessonia,Macroalgae,brown algae,Antofagasta_Chile,modern,Subtidal,Y,Y,Y,,Elliot-Smith et al. 2022,-18.44,1.04,1.04,-5.56,-4.56,8.04,0,5.6,-7.2,,-3.9,,-11.3,,-15.5,,,,,,-17.4,0.1,-24,0.1,-17.4,0.1,-1.7,0.1,-23,0.1,-10.4,,,,-11.9,,,
P1,,Macroalgae,brown algae,California,modern,,Y,Y,Y,,Larsen et al. 2013,-18,-0.8,0.4,-5.1,-1.4,6.9,0,0.6,-13.6,0.2,-4.6,0.3,-12.7,0.1,-12.1,0.1,-13.2,0.3,-14.1,0.2,-18.8,0.1,-23.1,0.2,-17.6,0.2,-3.6,0.2,-19.4,0.1,-11.1,0.1,-18.6,0.1,,,,
P2,,Macroalgae,brown algae,California,modern,,Y,Y,Y,,Larsen et al. 2013,-16.38,-0.62,1.18,-5.12,-2.72,7.28,0,2.1,-10.3,0.3,-1.9,0.7,-11.4,0.1,-9.6,0.3,-12.6,0.3,-13,0.1,-17,0.1,-21.5,0.2,-15.2,0.1,-1.2,0.5,-19.1,0.2,-9.1,0.2,-18.2,0.1,,,,
P3,,Macroalgae,brown algae,California,modern,,Y,Y,Y,,Larsen et al. 2013,-20,-0.7,0.4,-4.8,-2.2,7.3,0,1.5,-15.2,0.3,-5.6,0.7,-15.6,0.1,-15.7,0.3,,,-16,0.4,-20.7,0.1,-24.8,0.1,-19.6,0.4,-5.5,0.1,-22.2,0.1,-12.7,0.3,-21.1,0.1,,,,
P4,,Macroalgae,brown algae,California,modern,,Y,Y,Y,,Larsen et al. 2013,-16.26,0.56,-0.54,-3.74,-2.64,6.36,0,3.2,-11.9,0.3,-2.4,0.2,-11.6,0.1,-10.3,0,-12,0.9,-13.1,0.3,-15.7,0.1,-20,0.1,-16.8,1.4,-0.4,0.3,-18.9,0.1,-9.9,0.1,-18,0.2,,,,
P5,,Macroalgae,brown algae,California,modern,,Y,Y,Y,,Larsen et al. 2013,-21.6,-0.9,0.2,-4.5,-2.3,7.5,0,1.4,,0.4,-9.2,0.2,-18,0.1,-17.2,0.1,-16.7,0.5,-17.5,0.1,-22.5,0.1,-26.1,0.2,-21.4,0.1,-6.4,0.2,-23.9,0.1,-14.1,0.1,-22.2,0.2,,,,
P6,,Macroalgae,brown algae,California,modern,,Y,Y,Y,,Larsen et al. 2013,-8.9,-1.5,2.6,-4.4,-3.9,7.2,0,2.4,-4.5,0,-4.2,1,-4.7,0,-2.7,0.2,,,-7.2,0.1,-10.4,0.1,-13.3,0.1,-6.3,0.6,-2.6,0.7,-12.8,0.1,-1.7,0,-12.2,0.3,,,,
P7,,Macroalgae,brown algae,California,modern,,Y,Y,Y,,Larsen et al. 2013,-17.32,-1.78,1.72,-6.58,-1.48,8.12,0,-0.3,-9.5,0.2,-4.9,0.1,-11.3,0,-7.7,0.2,-7.6,0.1,-12.7,0.5,-19.1,0.1,-23.9,0.4,-15.6,0.1,-1.2,0.5,-18.8,0.1,-9.2,0.4,-18.8,0.1,,,,
P8,,Macroalgae,brown algae,California,modern,,Y,Y,Y,,Larsen et al. 2013,-19.14,-0.46,-0.36,-6.36,-1.26,8.44,0,0.8,-10.4,0.1,-9,0.3,-12,0.2,-6.9,0.2,-14.9,0.6,-17.8,0.2,-19.6,0.3,-25.5,0.3,-19.5,0.2,-0.5,0.7,-20.4,0.2,-10.7,0.2,-21.9,0.1,,,,
P9,,Macroalgae,brown algae,California,modern,,Y,Y,Y,,Larsen et al. 2013,-13.72,-0.78,2.82,-4.58,-2.98,5.52,0,2.2,-9.2,0.2,-5.7,1.1,-9.6,0,-9.2,0.3,,,,,-14.5,0.1,-18.3,0.4,-10.9,0.1,0.9,0.5,-16.7,0.1,-8.2,0.1,-17,0,,,,
P10,,Macroalgae,brown algae,California,modern,,Y,Y,Y,,Larsen et al. 2013,-19.22,-1.98,2.32,-4.38,-4.38,8.42,0,2.4,-14.1,0.1,-9.8,0.1,-12.6,0.1,-11.5,0.1,,,-14.3,0.1,-21.2,0.2,-23.6,0.2,-16.9,0.1,5.4,4.6,-23.6,0.1,-10.8,0.3,-22.9,0.1,,,,
P11,,Macroalgae,brown algae,California,modern,,Y,Y,Y,,Larsen et al. 2013,-10.02,-0.88,2.72,-4.68,-2.68,5.52,0,1.8,-5.2,0,-5.5,0.8,-5.3,0,-1.9,0.1,-5.3,0.5,-7.8,,-10.9,0.2,-14.7,0.3,-7.3,0.1,0.8,0.3,-12.7,0.1,-4.5,0.2,-12.5,0,,,,
P12,,Macroalgae,brown algae,California,modern,,Y,Y,Y,,Larsen et al. 2013,-19.1,-3.3,1.5,-6.1,-2.1,10,0,-1.2,-14.4,0.2,-8.7,0.1,-17.1,0.1,-16.2,0.8,-15.1,0.4,-14.7,0.1,-22.4,0.2,-25.2,0.2,-17.6,0.2,-8.6,0.1,-21.2,0.1,-9.1,0.1,-20.4,0.2,,,,
HUM-COL-INTER-ULA-B3,Ulva,Macroalgae,green algae,Antofagasta_Chile,modern,Intertidal,Y,Y,Y,,Elliot-Smith et al. 2022,-18,-2.6,4.9,-6,-3.7,7.4,0,1.1,-11.5,,-10.7,,-13.2,,,,,,,,-20.6,0.1,-24,0.1,-13.1,0.1,-6.2,0.1,-21.7,0.1,-10.6,,,,,,-14.1,
HUM-COL-ULA1-B4,Ulva,Macroalgae,green algae,Antofagasta_Chile,modern,Intertidal,Y,Y,Y,,Elliot-Smith et al. 2022,-15.48,-2.32,3.18,-4.12,-4.82,8.08,0,2.5,-8.3,,-7.3,,-10.7,,,,,,,,-17.8,0.1,-19.6,0.1,-12.3,0.1,-4.4,0.1,-20.3,0.1,-7.4,,,,,,-8.7,
HUM-COL-ULA3-B4,Ulva,Macroalgae,green algae,Antofagasta_Chile,modern,Intertidal,Y,Y,Y,,Elliot-Smith et al. 2022,-16.7,-2.1,4.9,-4.1,-4.6,5.9,0,2.5,-11.4,,-9,,-12.7,,,,,,,,-18.8,0.1,-20.8,0.1,-11.8,0.1,-5.2,0.1,-21.3,0.1,-10.8,,,,,,-10.5,
HUM-ISM-ULA3-B4,Ulva,Macroalgae,green algae,Antofagasta_Chile,modern,Intertidal,Y,Y,Y,,Elliot-Smith et al. 2022,-21.68,-7.42,6.38,-1.82,-2.82,5.68,0,-4.6,-12.4,,-11.7,,-15.1,,,,,,,,-29.1,0.1,-23.5,0.1,-15.3,0.1,-9.7,0.1,-24.5,0.1,-16,,,,,,-11.1,
HUM-J-ISM-INTER-ULA,Ulva,Macroalgae,green algae,Antofagasta_Chile,modern,Intertidal,Y,Y,Y,,Elliot-Smith et al. 2022,-16.44,-2.66,3.34,-4.36,-3.86,7.54,0,1.2,-8.7,,-7,,-10.9,,,,,,,,-19.1,0.1,-20.8,0.1,-13.1,0.1,-7.2,0.1,-20.3,0.1,-8.9,,,,,,-13.6,
HUM-JUL-COL3-ULA-B3,Ulva,Macroalgae,green algae,Antofagasta_Chile,modern,Intertidal,Y,Y,Y,,Elliot-Smith et al. 2022,-14.22,-2.88,3.72,-4.78,-3.88,7.82,0,1,-6.3,,-8.3,,-9.8,,,,,,,,-17.1,0.1,-19,0.1,-10.5,0.1,-3.2,0.1,-18.1,0.1,-6.4,,,,,,-8.6,
HUM-JUL-ISM3-ULA-B3,Ulva,Macroalgae,green algae,Antofagasta_Chile,modern,Intertidal,Y,Y,Y,,Elliot-Smith et al. 2022,-13.98,-0.42,3.28,-5.02,-5.42,7.58,0,5,-6.6,,-6.8,,-7.9,,,,,,,,-14.4,0.1,-19,0.1,-10.7,0.1,-3.2,0.1,-19.4,0.1,-6.4,,,,,,-10.5,
KATM-AM-ULV-2012-01,Ulva,Macroalgae,green algae,Katmai_NP,modern,Intertidal,Y,Y,Y,Y,Elliot-Smith et al. 2022,-24,1.2,3.3,-4.2,-4.4,4.1,0,5.6,-16,,-13.2,,-19.2,,,,,,,,-22.8,0.1,-28.2,0.1,-20.7,0.1,-16.6,0.1,-28.4,0.1,-19.9,,,,,,-18.9,
KATM-AM-ULV-2012-02,Ulva,Macroalgae,green algae,Katmai_NP,modern,Intertidal,Y,Y,Y,Y,Elliot-Smith et al. 2022,-22.7,-0.9,2.4,-5.2,-3.7,7.4,0,2.8,-15.1,,-13,,-16.7,,,,,,,,-23.6,0.1,-27.9,0.1,-20.3,0.1,-13.4,0.1,-26.4,0.1,-15.3,,,,,,-18.2,
KATM-AM-ULV-2012-05,Ulva,Macroalgae,green algae,Katmai_NP,modern,Intertidal,Y,Y,Y,Y,Elliot-Smith et al. 2022,,,,,,,,,,,-13.9,,-19.1,,,,,,,,-22.7,0.1,-29.9,0.1,-19,0.1,-11.7,0.1,,,-17,,,,,,-19.5,
KATM-AM-ULV-2012-06,Ulva,Macroalgae,green algae,Katmai_NP,modern,Intertidal,Y,Y,Y,Y,Elliot-Smith et al. 2022,-22.5,0.5,3.9,-4.3,-5,4.9,0,5.5,-12.9,,-10.2,,-16.8,,,,,,,,-22,0.1,-26.8,0.1,-18.6,0.1,-13.1,0.1,-27.5,0.1,-17.6,,,,,,-18.5,
KATM-AM-ULV-2012-07,Ulva,Macroalgae,green algae,Katmai_NP,modern,Intertidal,Y,Y,Y,Y,Elliot-Smith et al. 2022,-22.4,-0.2,2.6,-4.8,-2.8,5.2,0,2.6,-13.7,,-10.8,,-14.7,,,,,,,,-22.6,0.1,-27.2,0.1,-19.8,0.1,-11.4,0.1,-25.2,0.1,-17.2,,,,,,-16.3,
CA-2018-JL-Shores-ULV-06,Ulva,Macroalgae,green algae,San_Diego_CA,modern,Intertidal,Y,Y,Y,,Elliot-Smith et al. 2022,-23.04,-1.56,3.24,-3.76,-2.26,4.34,0,0.7,-15.2,,-16,,-19.3,,,,,,,,-24.6,0.1,-26.8,0.1,-19.8,0.1,-14.2,0.1,-25.3,0.1,-18.7,,,,,,-17.3,
CA-2018-LJ-Shores-ULV-01,Ulva,Macroalgae,green algae,San_Diego_CA,modern,Intertidal,Y,Y,Y,,Elliot-Smith et al. 2022,-20.24,1.04,2.14,-4.66,-3.16,4.64,0,4.2,-11.6,,-10.5,,-12.7,,,,,,,,-19.2,0.1,-24.9,0.1,-18.1,0.1,-13.1,0.1,-23.4,0.1,-15.6,,,,,,-13.3,
CA-2018-LJ-Shores-ULV-02*,Ulva,Macroalgae,green algae,San_Diego_CA,modern,Intertidal,Y,Y,Y,,Elliot-Smith et al. 2022,-18.48,0.48,3.68,-4.62,-4.42,4.88,0,4.9,-9.3,,-8.6,,-11.7,,,,,,,,-18,0.1,-23.1,0.1,-14.8,0.1,-12.9,0.1,-22.9,0.1,-13.6,,,,,,-12.4,
CA-2018-LJ-Shores-ULV-05 (Repeat),Ulva,Macroalgae,green algae,San_Diego_CA,modern,Intertidal,Y,Y,Y,,Elliot-Smith et al. 2022,-18.9,0.3,3.9,-5,-3.4,4.2,0,3.7,-8.2,,-9.4,,-12,,,,,,,,-18.6,0.1,-23.9,0.1,-15,0.1,-7.4,0.1,-22.3,0.1,-14.7,,,,,,-11.8,
CA-2018-LJ-Shores-ULV-09,Ulva,Macroalgae,green algae,San_Diego_CA,modern,Intertidal,Y,Y,Y,,Elliot-Smith et al. 2022,-19.06,0.56,2.36,-4.84,-3.84,5.76,0,4.4,-9.3,,-8.7,,-12.8,,,,,,,,-18.5,0.1,-23.9,0.1,-16.7,0.1,-12.2,0.1,-22.9,0.1,-13.3,,,,,,-11.2,
CA-2016-TP-ULV-01,Ulva,Macroalgae,green algae,Santa_Cruz_CA,modern,Intertidal,Y,Y,Y,,Elliot-Smith et al. 2022,-17.38,-1.02,4.08,-5.72,-4.42,7.08,0,3.4,-10.2,,-9.5,,-13.2,,,,,,,,-18.4,0.1,-23.1,0.1,-13.3,0.1,-7.7,0.1,-21.8,0.1,-10.3,,,,,,-14,
CA-2016-TP-ULV-02,Ulva,Macroalgae,green algae,Santa_Cruz_CA,modern,Intertidal,Y,Y,Y,,Elliot-Smith et al. 2022,-21.04,0.24,6.04,-4.26,-1.56,-0.46,0,1.8,-13.3,,-12.8,,-16,,,,,,,,-20.8,0.1,-25.3,0.1,-15,0.1,-11.5,0.1,-22.6,0.1,-21.5,,,,,,-14.7,
CA-2016-TP-ULV-03,Ulva,Macroalgae,green algae,Santa_Cruz_CA,modern,Intertidal,Y,Y,Y,,Elliot-Smith et al. 2022,-21.14,2.84,4.24,-6.36,-3.06,2.34,0,5.9,-11,,-11.6,,-18,,,,,,,,-18.3,0.1,-27.5,0.1,-16.9,0.1,-11.2,0.1,-24.2,0.1,-18.8,,,,,,-15.7,
CA-2016-TP-ULV-07,Ulva,Macroalgae,green algae,Santa_Cruz_CA,modern,Intertidal,Y,Y,Y,,Elliot-Smith et al. 2022,-18.14,2.94,5.84,-3.16,-1.76,-3.86,0,4.7,-3.9,,-7.4,,-11.1,,,,,,,,-15.2,0.1,-21.3,0.1,-12.3,0.1,-4.9,0.1,-19.9,0.1,-22,,,,,,-8,
CA-2016-TP-ULV-08,Ulva,Macroalgae,green algae,Santa_Cruz_CA,modern,Intertidal,Y,Y,Y,,Elliot-Smith et al. 2022,-16.88,4.58,4.18,-3.82,-3.62,-1.32,0,8.2,-4.3,,-5.1,,-12.9,,,,,,,,-12.3,0.1,-20.7,0.1,-12.7,0.1,-8,0.1,-20.5,0.1,-18.2,,,,,,-10.4,
CA-2016-TP-ULV-09,Ulva,Macroalgae,green algae,Santa_Cruz_CA,modern,Intertidal,Y,Y,Y,,Elliot-Smith et al. 2022,-15.58,2.98,3.68,-6.22,-3.02,2.58,0,6,-3.9,,-4.2,,-9.1,,,,,,,,-12.6,0.1,-21.8,0.1,-11.9,0.1,-5.7,0.1,-18.6,0.1,-13,,,,,,-8.4,
CA-2016-TP-ULV-10,Ulva,Macroalgae,green algae,Santa_Cruz_CA,modern,Intertidal,Y,Y,Y,,Elliot-Smith et al. 2022,-20.72,2.22,3.92,-5.58,-2.48,1.92,0,4.7,-11,,-10.6,,-18.6,,,,,,,,-18.5,0.1,-26.3,0.1,-16.8,0.1,-10.9,0.1,-23.2,0.1,-18.8,,,,,,-16.4,
C1,,Microalgae,phytoplankton,GEOMAR,modern,,Y,Y,Y,,Larsen et al. 2013,-24.48,0.48,-3.22,-3.32,-0.42,6.48,0,0.9,-13.6,0.2,-12.8,0.2,-23.7,0.1,-15.3,0.6,-23.5,0.3,-23.3,0.5,-24,0.1,-27.8,0.1,-27.7,0.2,-10.4,0.1,-24.9,0.3,-18,0,-23.7,0.1,,,,
C2,,Microalgae,phytoplankton,GEOMAR,modern,,Y,Y,Y,,Larsen et al. 2013,-31.22,-1.58,2.32,-4.78,-3.38,7.42,0,1.8,-22.6,0.1,-16.2,0.1,-26.3,0,-23.1,0.2,,,-23.9,0.4,-32.8,0.1,-36,0.1,-28.9,0.1,-19.5,0.6,-34.6,0.1,-23.8,0.3,-35,0.2,,,,
C3,,Microalgae,phytoplankton,SAG,modern,,Y,Y,Y,,Larsen et al. 2013,-18.86,-1.64,1.56,-4.44,-0.94,5.46,0,-0.7,-11.6,0.1,-12.9,1,-15.3,0,-7.3,0.2,,,,,-20.5,0.2,-23.3,0.3,-17.3,0.1,-5.9,1,-19.8,0.1,-13.4,0.2,-17.5,0.2,,,,
C4,,Microalgae,phytoplankton,SAG,modern,,Y,Y,Y,,Larsen et al. 2013,-21.56,-2.64,1.56,-4.24,-2.44,7.76,0,-0.2,-13.1,0.3,-12.2,0.8,-18.9,0.1,-11.3,0.2,,,,,-24.2,0.1,-25.8,0.1,-20,0.1,-10.1,0.1,-24,0.2,-13.8,0.3,-22.1,0.1,,,,
D1,,Microalgae,phytoplankton,GEOMAR,modern,,Y,Y,Y,,Larsen et al. 2013,-13.64,-0.16,3.44,-3.66,-4.46,4.84,0,4.3,-9.7,0.1,-11.1,0.4,-11.4,0.1,-11.2,0.2,,,,,-13.8,0.1,-17.3,0.2,-10.2,0.1,-2.7,0.8,-18.1,0.3,-8.8,0.5,-15.7,0.1,,,,
D2,,Microalgae,phytoplankton,GEOMAR,modern,,Y,Y,Y,,Larsen et al. 2013,-15.54,-1.26,4.04,-3.16,-4.06,4.44,0,2.8,-7.4,0.2,-9.1,0.3,-7.5,0,-12,0.4,,,,,-16.8,0.2,-18.7,0.1,-11.5,0.1,-2,0.9,-19.6,0.2,-11.1,0.2,-16,0.1,,,,
D3,,Microalgae,phytoplankton,GEOMAR,modern,,Y,Y,Y,,Larsen et al. 2013,-18.94,-0.76,2.44,-3.16,-1.66,3.14,0,0.9,-10.3,0.1,-16.2,1,-12.2,0,-12.3,0.1,,,-15,0.2,-19.7,0.1,-22.1,0.5,-16.5,0.1,-7,1.6,-20.6,0.1,-15.8,0.2,-19.4,0.1,,,,
D4,,Microalgae,phytoplankton,SAG,modern,,Y,Y,Y,,Larsen et al. 2013,-20.7,-2.2,4.6,-4.8,-3.1,5.5,0,0.9,-16,0.1,-17.7,0.1,-18.9,0,-12.2,0.1,,,,,-22.9,0.1,-25.5,0.4,-16.1,0.1,-10.8,0.3,-23.8,0.1,-15.2,0.2,-21.8,0.1,,,,
D5,,Microalgae,phytoplankton,GEOMAR,modern,,Y,Y,Y,,Larsen et al. 2013,-13.94,-1.56,3.54,-5.36,-2.06,5.44,0,0.5,-1.3,0.1,-6.6,1,-7.4,0.1,5.5,0.2,,,-8.2,0.4,-15.5,0.1,-19.3,0.1,-10.4,0.1,-4.6,0.5,-16,0.4,-8.5,0.2,-14.4,0.2,,,,
H1,,Microalgae,phytoplankton,GEOMAR,modern,,Y,Y,Y,,Larsen et al. 2013,-21.86,-3.04,3.56,-5.34,-1.34,6.16,0,-1.7,-16.3,0,-15.6,0.1,-15.9,0.1,-13.5,0,-17.8,0.3,-17.9,0.1,-24.9,0.1,-27.2,0.1,-18.3,0.6,-9.1,0.1,-23.2,0.1,-15.7,0.1,-22.3,0,,,,
H2,,Microalgae,phytoplankton,GEOMAR,modern,,Y,Y,Y,,Larsen et al. 2013,-20.64,-0.46,1.44,-3.16,-3.96,6.14,0,3.5,-13.1,0.1,-13.1,1,-19.7,0.1,-19,0.1,,,,,-21.1,0.3,-23.8,0.1,-19.2,0.2,-8.6,0.6,-24.6,0.1,-14.5,0.1,-22.6,0.1,,,,
H3,,Microalgae,phytoplankton,GEOMAR,modern,,Y,Y,Y,,Larsen et al. 2013,-23.38,-3.42,5.08,-8.02,-1.62,7.98,0,-1.8,-16.4,0.1,-13.3,0.2,-16.7,0.1,-19.6,0.1,,,-19.9,0.2,-26.8,0.1,-31.4,0.1,-18.3,0.1,-8.9,0.2,-25,0.1,-15.4,0.1,-22.7,0.1,,,,
H4,,Microalgae,phytoplankton,SAG,modern,,Y,Y,Y,,Larsen et al. 2013,-17.34,-1.46,3.54,-3.16,-4.26,5.34,0,2.8,-11.2,0,-13.7,0.9,-15.9,0,-11.8,0.1,,,,,-18.8,0.1,-20.5,0.1,-13.8,0.1,-6.8,0.3,-21.6,0.1,-12,0.4,-19.6,0.1,,,,
K1,,Microalgae,phytoplankton,GEOMAR,modern,,Y,Y,Y,,Larsen et al. 2013,-18.28,-0.92,2.48,-5.42,-1.42,5.28,0,0.5,-12.1,0.5,-13,0.7,-15.6,0.1,-7.1,0.6,,,-16.9,0.3,-19.2,0.5,-23.7,0.3,-15.8,1.3,-6.7,0.5,-19.7,0.1,-13,0.3,-16.8,0.2,,,,
K2,,Microalgae,phytoplankton,GEOMAR,modern,,Y,Y,Y,,Larsen et al. 2013,-18.56,-2.04,3.26,-4.74,-2.84,6.36,0,0.8,-12.7,0.1,-12.3,0.9,-14.3,0.1,-7.9,0.1,,,-15.5,0.4,-20.6,0.1,-23.3,0.1,-15.3,0.5,-2.2,0.8,-21.4,0.1,-12.2,0,-19.4,0.1,,,,
K3,,Microalgae,phytoplankton,SAG,modern,,Y,Y,Y,,Larsen et al. 2013,-12.04,-0.96,1.64,-3.66,-3.86,6.84,0,2.9,-4.1,0,-5.7,0,-10,0.1,0.2,0.1,,,,,-13,0.1,-15.7,0.1,-10.4,0.1,-8.1,0.9,-15.9,0.1,-5.2,0.1,-14.2,0,,,,
K4,,Microalgae,phytoplankton,SAG,modern,,Y,Y,Y,,Larsen et al. 2013,-13.36,-1.94,1.96,-3.34,-2.34,5.66,0,0.4,-5.5,0.1,-7.5,0.1,-10.8,0.1,-6.6,0.1,,,,,-15.3,0.1,-16.7,0.1,-11.4,0.1,-4.2,0.3,-15.7,0.1,-7.7,0.3,-12.5,0.1,,,,
K5,,Microalgae,phytoplankton,SAG,modern,,Y,Y,Y,,Larsen et al. 2013,-19.2,-1.2,2.9,-4,-3,5.3,0,1.8,-13.8,0.1,-14,0.4,-17.7,0.1,-13.8,0.1,,,,,-20.4,0.1,-23.2,0.3,-16.3,0.2,-6.4,0.3,-22.2,0.1,-13.9,0.4,-20.3,0.2,,,,
K6,,Microalgae,phytoplankton,SAG,modern,,Y,Y,Y,,Larsen et al. 2013,-14.92,-0.98,3.52,-3.48,-3.48,4.42,0,2.5,-9.6,0.2,-13.4,0.1,-12.1,0,-10.7,0.4,,,,,-15.9,0.1,-18.4,0.1,-11.4,0.5,-7.1,0.3,-18.4,0.1,-10.5,0.3,-16.8,0.1,,,,
N1,,Microalgae,phytoplankton,GEOMAR,modern,,Y,Y,Y,,Larsen et al. 2013,-24.44,-1.96,3.44,-5.26,-2.56,6.34,0,0.6,-17.4,0.1,-18.9,0,-20.3,0.1,-21.7,0.4,-19.2,0.6,-21.7,0.6,-26.4,0.5,-29.7,0.3,-21,0.1,-11,0.1,-27,0.1,-18.1,0,-24.8,0.2,,,,
N2,,Microalgae,phytoplankton,GEOMAR,modern,,Y,Y,Y,,Larsen et al. 2013,-24.38,-2.82,3.78,-4.92,-2.42,6.38,0,-0.4,-17.4,0.2,-18.2,0.1,-20.3,0.1,-21.9,0.3,-20.8,0.2,-19.2,0.6,-27.2,0.2,-29.3,0.3,-20.6,0.1,-11.2,0.1,-26.8,0.1,-18,0.2,-24.5,0.2,,,,
N3,,Microalgae,phytoplankton,SAG,modern,,Y,Y,Y,,Larsen et al. 2013,-24.22,-2.88,4.42,-5.18,-2.68,6.32,0,-0.2,-17.4,0.2,-17.8,0.2,-20.4,0,-21.8,0.6,-21.5,0.2,-21.2,0.4,-27.1,0.1,-29.4,0.2,-19.8,0.1,-10.7,0.1,-26.9,0.1,-17.9,0.2,-24.7,0.2,,,,
X1,,Microalgae,phytoplankton,SAG,modern,,Y,Y,Y,,Larsen et al. 2013,-28.92,-1.28,2.22,-6.18,-2.98,8.22,0,1.7,-17.2,0.1,-16.5,0.1,-24.5,0.3,-14.7,0.1,-25.4,0.7,-27.3,0.2,-30.2,0.1,-35.1,0.1,-26.7,0.1,-13.6,0.1,-31.9,0.1,-20.7,0.1,-29.7,0.1,,,,
X2,,Microalgae,phytoplankton,SAG,modern,,Y,Y,Y,,Larsen et al. 2013,-26.54,-1.46,3.74,-6.16,-3.46,7.34,0,2,-16,0,-17.4,0.9,-21.4,0,-14.2,0.2,,,,,-28,0.1,-32.7,0.1,-22.8,0.2,-10.7,0.8,-30,0.1,-19.2,0.1,-27.8,0.1,,,,
X3,,Microalgae,phytoplankton,Kiel fjord,modern,,Y,Y,Y,,Larsen et al. 2013,-22.06,-1.84,2.76,-3.14,-3.44,5.66,0,1.6,-16.3,0,-18.3,1.1,-18.9,0,-14.5,0.4,,,,,-23.9,0.2,-25.2,0.1,-19.3,0.1,-9.6,0.5,-25.5,0.1,-16.4,0.3,-23.3,0.1,,,,
X4,,Microalgae,phytoplankton,Kiel fjord,modern,,Y,Y,Y,,Larsen et al. 2013,-13.2,-1.2,2.1,-5,-2.9,7,0,1.7,-3.2,0.2,-6.1,0.1,-9.9,0.4,-8.2,0,,,,,-14.4,0.1,-18.2,0.1,-11.1,0.1,-1.3,0.2,-16.1,0.1,-6.2,0.2,-13,0.1,,,,
Y1,,Microalgae,phytoplankton,Kiel fjord,modern,,Y,Y,Y,,Larsen et al. 2013,-15.82,-1.28,4.02,-3.48,-3.68,4.42,0,2.4,-11.1,0.1,-12.2,0.1,-15.9,0.1,-11.8,0.1,,,,,-17.1,0.1,-19.3,0.3,-11.8,0.5,-4.2,0.3,-19.5,0.1,-11.4,0.2,-17,0.1,,,,
EES-SCRIPPS-AMPHORA-18,Amphora,Microalgae,phytoplankton,Scripps,modern,Cultured,Y,Y,Y,,Elliot-Smith et al. 2022,-23.84,-1.66,6.84,-4.46,-3.26,2.54,0,1.6,-15.5,,-14.6,,-14.5,,,,,,,,-25.5,0.1,-28.3,0.1,-17,0.1,-12.6,0.1,-27.1,0.1,-21.3,,,,-7.5,,-14.6,
EES-SCRIPPS-CHAETOCEROS-18,Chaetoceros,Microalgae,phytoplankton,Scripps,modern,Cultured,Y,Y,Y,,Elliot-Smith et al. 2022,-25.2,-2.9,7.6,-4.6,-5.8,5.7,0,2.9,-20.6,,-17.5,,-20.3,,,,,,,,-28.1,0.1,-29.8,0.1,-17.6,0.1,-12.6,0.1,-31,0.1,-19.5,,,,-13.9,,-21,
EES-SCRIPPS-NODULARIA-18,Nodularia,Microalgae,phytoplankton,Scripps,modern,Cultured,Y,Y,Y,,Elliot-Smith et al. 2022,-20.62,-1.18,1.32,-5.58,-3.78,9.22,0,2.6,-12.1,,-6.5,,-15.7,,,,,,,,-21.8,0.1,-26.2,0.1,-19.3,0.1,-11.3,0.1,-24.4,0.1,-11.4,,,,-0.8,,-15.3,
EES-SCRIPPS-PHAEODUCTILLIUM-18,Phaeodactylum,Microalgae,phytoplankton,Scripps,modern,Cultured,Y,Y,Y,,Elliot-Smith et al. 2022,-20.22,-0.88,6.32,-5.68,-3.38,3.62,0,2.5,-13.2,,-8.3,,-12.3,,,,,,,,-21.1,0.1,-25.9,0.1,-13.9,0.1,-7.3,0.1,-23.6,0.1,-16.6,,,,-4.6,,-8.6,
EES-SCRIPPS-PLEUROCHRYSIS-18,Pleurochrysis,Microalgae,phytoplankton,Scripps,modern,Cultured,Y,Y,Y,,Elliot-Smith et al. 2022,-19.7,-3.2,8,-8,-2.5,5.7,0,-0.7,-13.4,,-6.8,,-13.1,,,,,,,,-22.9,0.1,-27.7,0.1,-11.7,0.1,1.5,0.1,-22.2,0.1,-14,,,,1.5,,-14.7,
EES-SCRIPPS-PORPHYRIDIUM-18,Porphyridium,Microalgae,phytoplankton,Scripps,modern,Cultured,Y,Y,Y,,Elliot-Smith et al. 2022,-24.84,-1.66,5.94,-7.86,-3.66,7.24,0,2,-15.3,,-9.4,,-19.6,,,,,,,,-26.5,0.1,-32.7,0.1,-18.9,0.1,-8.5,0.1,-28.5,0.1,-17.6,,,,-10.1,,-22.5,
R1,,Macroalgae,red algae,California,modern,,Y,Y,Y,,Larsen et al. 2013,-17.36,-1.84,0.06,-2.84,-1.84,6.46,0,0,-9,0.1,-10.9,0.1,-14.3,0.1,-4.2,0.1,-12.5,0.3,-15.3,0.1,-19.2,0.1,-20.2,0.1,-17.3,0.5,-6.4,0.2,-19.2,0.1,-10.9,0.1,-18.9,0.1,,,,
R2,,Macroalgae,red algae,California,modern,,Y,Y,Y,,Larsen et al. 2013,-17.98,-3.32,2.58,-1.52,-2.72,4.98,0,-0.6,-13.3,0.2,-11.3,0.6,-16.2,0,-10.3,0.3,,,,,-21.3,0.3,-19.5,0.2,-15.4,0.3,-4.8,0.6,-20.7,0.1,-13,0.2,-20,0.1,,,,
R3,,Macroalgae,red algae,California,modern,,Y,Y,Y,,Larsen et al. 2013,-22.92,-2.48,1.22,-2.88,-2.38,6.52,0,-0.1,-17.3,0.2,-16.4,0.1,-18.6,0.1,-14.7,0.1,-19.4,0,,,-25.4,0.2,-25.8,0.3,-21.7,0.3,-9.2,0.2,-25.3,0.1,-16.4,0.2,-23,0.1,,,,
R4,,Macroalgae,red algae,California,modern,,Y,Y,Y,,Larsen et al. 2013,-19.46,-0.34,2.46,-2.44,-4.24,4.56,0,3.9,-13.4,0.1,-11.1,0.2,-13.8,0,-16.4,0.1,-12.9,0.2,-21.6,0.2,-19.8,0.1,-21.9,0.4,-17,0.1,-11,1.1,-23.7,0.1,-14.9,0.2,-21.9,0.1,,,,
R5,,Macroalgae,red algae,California,modern,,Y,Y,Y,,Larsen et al. 2013,-21.22,-1.18,1.72,-1.28,-4.08,4.82,0,2.9,-15.5,0.1,-15.4,0,-17.6,0.6,-13.7,0,,,,,-22.4,0.1,-22.5,0.1,-19.5,0.1,-15.3,0.1,-25.3,0.1,-16.4,0.4,-24.2,0,,,,
R6,,Macroalgae,red algae,California,modern,,Y,Y,Y,,Larsen et al. 2013,-18.48,-2.22,1.98,-2.52,-2.62,5.38,0,0.4,-11.4,0.1,-11.4,0.1,-14.8,0,-9.8,0.1,-14.2,,,,-20.7,0.2,-21,0.4,-16.5,0.1,-8.7,0.1,-21.1,0.1,-13.1,0.1,-19.8,0.1,,,,
R7,,Macroalgae,red algae,California,modern,,Y,Y,Y,,Larsen et al. 2013,-18.02,-2.28,1.32,-2.98,-3.08,7.02,0,0.8,-12.1,0.1,-12.4,0.5,-15.4,0.1,-9.9,0,,,-15.3,0.1,-20.3,0.1,-21,0.3,-16.7,0.2,-5.9,0.3,-21.1,0.3,-11,0.1,-19.5,0.4,,,,
R8,,Macroalgae,red algae,California,modern,,Y,Y,Y,,Larsen et al. 2013,-20.58,-3.02,2.58,-2.92,-1.42,4.78,0,-1.6,-14.7,0.3,-14.5,0.7,-16.1,0.4,-14.5,0.1,,,-17.9,,-23.6,0.1,-23.5,0.1,-18,0.1,-7.3,1.1,-22,0.1,-15.8,0.4,-21.2,0.3,,,,
R9,,Macroalgae,red algae,California,modern,,Y,Y,Y,,Larsen et al. 2013,-20.1,-0.8,-0.3,-3.3,-2.4,6.8,0,1.6,-11.9,0.1,-13.2,0.1,-15.6,0.1,-10.7,0.1,-16.4,0.4,-17.3,0.5,-20.9,0.1,-23.4,0.1,-20.4,0.2,-6.8,1,-22.5,0.1,-13.3,0.1,-20.1,0,,,,
HUM-ISM7-CCA,Chondrus,Macroalgae,red algae,Antofagasta_Chile,modern,Subtidal,Y,Y,Y,,Elliot-Smith et al. 2022,-27.5,0.1,1.6,-2.5,-2,2.8,0,2.1,-21.2,,-21,,-25.5,,-19.6,,,,,,-27.4,0.1,-30,0.1,-25.9,0.1,-24.4,0.1,-29.5,0.1,-24.7,,,,-24.4,,-20.9,
HUM-COL10-NN,Unknown,Macroalgae,red algae,Antofagasta_Chile,modern,Subtidal,Y,Y,Y,,Elliot-Smith et al. 2022,-35.06,-0.04,1.96,-3.14,-0.84,2.06,0,0.8,-29,,-22.6,,-28.3,,-25.1,,,,,,-35.1,0.1,-38.2,0.1,-33.1,0.1,-28.5,0.1,-35.9,0.1,-33,,,,-29.3,,-27,
HUM-COL17-PCA,Plocamium,Macroalgae,red algae,Antofagasta_Chile,modern,Subtidal,Y,Y,Y,,Elliot-Smith et al. 2022,-34.38,-1.52,3.08,-2.82,-1.12,2.38,0,-0.4,-27.4,,-20.5,,-31,,-26.8,,,,,,-35.9,0.1,-37.2,0.1,-31.3,0.1,-28.4,0.1,-35.5,0.1,-32,,,,-35.8,,,
HUM-COL17-PCA-B2,Plocamium,Macroalgae,red algae,Antofagasta_Chile,modern,Subtidal,Y,Y,Y,,Elliot-Smith et al. 2022,-33.78,0.88,1.18,-3.52,-3.82,5.28,0,4.7,-37.5,,-23.1,,-29.1,,-22.7,,,,,,-32.9,0.1,-37.3,0.1,-32.6,0.1,-24.9,0.1,-37.6,0.1,-28.5,,,,-37.9,,-31.2,
HUM-ISM7-PCA,Plocamium,Macroalgae,red algae,Antofagasta_Chile,modern,Subtidal,Y,Y,Y,,Elliot-Smith et al. 2022,-34.96,-0.24,-0.24,-2.34,-1.34,4.16,0,1.1,-27.1,,-25,,-30.9,,-24.7,,,,,,-35.2,0.1,-37.3,0.1,-35.2,0.1,-26.6,0.1,-36.3,0.1,-30.8,,,,-31.6,,-27.5,
HUM-ISM7-PCA-B2,Plocamium,Macroalgae,red algae,Antofagasta_Chile,modern,Subtidal,Y,Y,Y,,Elliot-Smith et al. 2022,-32.18,-2.72,0.18,-4.12,0.38,6.28,0,-3.1,-20.8,,-22.7,,-26,,,,,,,,-34.9,0.1,-36.3,0.1,-32,0.1,-23.4,0.1,-31.8,0.1,-25.9,,,,-26.1,,-27.4,
CA-2018-Mia-PLO-01,Plocamium,Macroalgae,red algae,San_Diego_CA,modern,Subtidal,Y,Y,Y,,Elliot-Smith et al. 2022,-35.76,0.06,0.66,-4.14,-0.64,4.06,0,0.7,-30,,-25.7,,-33.6,,,,,,,,-35.7,0.1,-39.9,0.1,-35.1,0.1,-27.4,0.1,-36.4,0.1,-31.7,,,,-28.3,,-31.1,
CA-2018-Mia-PLO-02,Plocamium,Macroalgae,red algae,San_Diego_CA,modern,Subtidal,Y,Y,Y,,Elliot-Smith et al. 2022,-36.72,-0.48,1.22,-2.88,-1.88,4.02,0,1.4,-33.9,,-29.4,,-34.9,,,,,,,,-37.2,0.1,-39.6,0.1,-35.5,0.1,-25.6,0.1,-38.6,0.1,-32.7,,,,-30,,-33,
CA-2018-Mia-PLO-03 (Repeat),Plocamium,Macroalgae,red algae,San_Diego_CA,modern,Subtidal,Y,Y,Y,,Elliot-Smith et al. 2022,-34.74,2.14,1.64,-2.16,-2.56,0.94,0,4.7,-26.9,,-23.7,,-30.6,,,,,,,,-32.6,0.1,-36.9,0.1,-33.1,0.1,-23.4,0.1,-37.3,0.1,-33.8,,,,-22.5,,-29.8,
CA-2018-Mia-PLO-04,Plocamium,Macroalgae,red algae,San_Diego_CA,modern,Subtidal,Y,Y,Y,,Elliot-Smith et al. 2022,-37,-0.3,2,-3.1,-2.2,3.6,0,1.9,-32.7,,-27.2,,-33.1,,,,,,,,-37.3,0.1,-40.1,0.1,-35,0.1,-27.3,0.1,-39.2,0.1,-33.4,,,,-28,,-30.2,
CA-2018-Mia-PLO-06 (Repeat),Plocamium,Macroalgae,red algae,San_Diego_CA,modern,Subtidal,Y,Y,Y,,Elliot-Smith et al. 2022,-36.96,-0.44,1.16,-2.74,-1.44,3.46,0,1,-32.3,,-28.6,,-34.9,,,,,,,,-37.4,0.1,-39.7,0.1,-35.8,0.1,-30.5,0.1,-38.4,0.1,-33.5,,,,-27,,-32,
CA-2018-Mia-PLO-07 (Repeat),Plocamium,Macroalgae,red algae,San_Diego_CA,modern,Subtidal,Y,Y,Y,,Elliot-Smith et al. 2022,-34.7,-0.7,1.3,-3.6,-2.4,5.4,0,1.7,-29.3,,-24.3,,-31.4,,,,,,,,-35.4,0.1,-38.3,0.1,-33.4,0.1,-25.4,0.1,-37.1,0.1,-29.3,,,,-23.9,,-29.9,
KATM-AM-NEO-2012-01,Neorhodomela,Macroalgae,red algae,Katmai_NP,modern,Intertidal,Y,Y,Y,Y,Elliot-Smith et al. 2022,-25.02,-1.28,2.12,-2.28,-3.18,4.62,0,1.9,-19,,-15.8,,-20.2,,,,,,,,-26.3,0.1,-27.3,0.1,-22.9,0.1,-17,0.1,-28.2,0.1,-20.4,,,,-10.9,,-19.7,
KATM-AM-NEO-2012-02,Neorhodomela,Macroalgae,red algae,Katmai_NP,modern,Intertidal,Y,Y,Y,Y,Elliot-Smith et al. 2022,-24.68,-1.72,1.48,-1.52,-3.02,4.78,0,1.3,-18.2,,-15.9,,-19.9,,,,,,,,-26.4,0.1,-26.2,0.1,-23.2,0.1,-15.9,0.1,-27.7,0.1,-19.9,,,,-11.6,,-21.1,
KATM-AM-NEO-2012-03,Neorhodomela,Macroalgae,red algae,Katmai_NP,modern,Intertidal,Y,Y,Y,Y,Elliot-Smith et al. 2022,-24.22,-1.48,2.72,-2.28,-3.68,4.72,0,2.2,-18.4,,-14.3,,-19,,,,,,,,-25.7,0.1,-26.5,0.1,-21.5,0.1,-15.6,0.1,-27.9,0.1,-19.5,,,,-15.9,,-19.8,
KATM-AM-NEO-2012-05,Neorhodomela,Macroalgae,red algae,Katmai_NP,modern,Intertidal,Y,Y,Y,Y,Elliot-Smith et al. 2022,-22.76,-1.84,1.36,-1.24,-3.04,4.76,0,1.2,-14.1,,-10.5,,-14.5,,,,,,,,-24.6,0.1,-24,0.1,-21.4,0.1,-13,0.1,-25.8,0.1,-18,,,,-7.6,,-19.9,
CA-2016-TP-NEO-01 (Repeat),Neorhodomela,Macroalgae,red algae,Santa_Cruz_CA,modern,Intertidal,Y,Y,Y,,Elliot-Smith et al. 2022,-18.08,-0.52,3.78,-1.42,-2.42,0.58,0,1.9,-10.1,,-13.2,,-16.9,,,,,,,,-18.6,0.1,-19.5,0.1,-14.3,0.1,-11.6,0.1,-20.5,0.1,-17.5,,,,-1.6,,-12.8,
CA-2016-TP-NEO-02 (Repeat),Neorhodomela,Macroalgae,red algae,Santa_Cruz_CA,modern,Intertidal,Y,Y,Y,,Elliot-Smith et al. 2022,-17.66,-0.64,2.86,-1.64,-3.54,2.96,0,2.9,-10.1,,-15,,-16.8,,,,,,,,-18.3,0.1,-19.3,0.1,-14.8,0.1,-10.8,0.1,-21.2,0.1,-14.7,,,,-2,,-12.1,
CA-2016-TP-NEO-03,Neorhodomela,Macroalgae,red algae,Santa_Cruz_CA,modern,Intertidal,Y,Y,Y,,Elliot-Smith et al. 2022,-15.4,-1.9,2.7,-1.7,-2.2,3.1,0,0.3,-10.6,,-9.3,,-12.2,,,,,,,,-17.3,0.1,-17.1,0.1,-12.7,0.1,-6.2,0.1,-17.6,0.1,-12.3,,,,-3.6,,-12.5,
CA-2016-TP-NEO-04,Neorhodomela,Macroalgae,red algae,Santa_Cruz_CA,modern,Intertidal,Y,Y,Y,,Elliot-Smith et al. 2022,-18.96,0.56,4.16,-0.24,-3.54,-0.94,0,4.1,-7.2,,-13,,-14.1,,,,,,,,-18.4,0.1,-19.2,0.1,-14.8,0.1,-6.8,0.1,-22.5,0.1,-19.9,,,,-0.2,,-13.9,
CA-2016-TP-NEO-06,Neorhodomela,Macroalgae,red algae,Santa_Cruz_CA,modern,Intertidal,Y,Y,Y,,Elliot-Smith et al. 2022,-19.4,0.6,1.4,-1.9,-2.2,2.1,0,2.8,-13.7,,-13.5,,-18.2,,,,,,,,-18.8,0.1,-21.3,0.1,-18,0.1,-12.6,0.1,-21.6,0.1,-17.3,,,,,,-14.3,
CA-2016-TP-NEO-07,Neorhodomela,Macroalgae,red algae,Santa_Cruz_CA,modern,Intertidal,Y,Y,Y,,Elliot-Smith et al. 2022,-19.72,0.02,3.52,-1.28,-2.88,0.62,0,2.9,-10.2,,-15.3,,-15.5,,,,,,,,-19.7,0.1,-21,0.1,-16.2,0.1,-11.8,0.1,-22.6,0.1,-19.1,,,,,,-15.9,
CA-2016-TP-NEO-08,Neorhodomela,Macroalgae,red algae,Santa_Cruz_CA,modern,Intertidal,Y,Y,Y,,Elliot-Smith et al. 2022,-18.54,-1.46,2.34,-1.76,-3.66,4.54,0,2.2,-11.6,,-12.1,,-17.1,,,,,,,,-20,0.1,-20.3,0.1,-16.2,0.1,-11.3,0.1,-22.2,0.1,-14,,,,,,-15.6,
HUM-COL17-RCO-B2,Rhodymenia,Macroalgae,red algae,Antofagasta_Chile,modern,Subtidal,Y,Y,Y,,Elliot-Smith et al. 2022,-35,-0.7,-0.1,-3.4,-1.3,5.5,0,0.6,-25.5,,-27.4,,-29.7,,,,,,,,-35.7,0.1,-38.4,0.1,-35.1,0.1,-28.5,0.1,-36.3,0.1,-29.5,,,,,,-31.3,
S1,,Vascular_plant,Seagrasses,,,,Y,,,,Larsen et al. 2009,-14.86,-2.44,0.96,-4.64,0.76,5.36,0,-3.2,-11.4,0.1,-10.1,0.2,-12.7,0.3,-6.5,0.1,,,,,-17.3,0,-19.5,0.2,-13.9,0,-5.6,0.2,-14.1,0.1,-9.5,0.2,-17,0.1,,,,
S2,,Vascular_plant,Seagrasses,,,,Y,,,,Larsen et al. 2009,-15.7,-2.6,1.2,-4.6,0.6,5.4,0,-3.2,-12.7,0.1,-12.2,0,-15.5,0,,,,,,,-18.3,0.1,-20.3,0.1,-14.5,0.1,-5.7,0.1,-15.1,0,-10.3,1.2,-18.2,0.4,,,,
S3,,Vascular_plant,Seagrasses,,,,Y,,,,Larsen et al. 2009,-16.48,-2.92,1.98,-5.22,0.88,5.28,0,-3.8,-13.9,0.2,-12.7,0.2,-15.9,0.1,-10.3,0.4,,,,,-19.4,0,-21.7,0,-14.5,0.1,-7.5,0.2,-15.6,0.3,-11.2,0.6,-18.6,0.1,,,,
S4,,Vascular_plant,Seagrasses,,,,Y,,,,Larsen et al. 2009,-17.3,-2.8,2.4,-5.1,-0.3,5.8,0,-2.5,-14.4,0.2,-13.6,0.4,-16.4,0.1,-9.2,0.3,,,,,-20.1,0.1,-22.4,0.5,-14.9,0.1,-6.6,0.3,-17.6,0.1,-11.5,0.2,-18.8,0,,,,
S5,,Vascular_plant,Seagrasses,,,,Y,,,,Larsen et al. 2009,-17.02,-2.48,1.92,-5.48,0.52,5.52,0,-3,-13.8,0.1,-14,0,-16.9,0.1,-9.1,0.3,,,,,-19.5,0,-22.5,0.1,-15.1,0.1,-5.7,0.6,-16.5,0.3,-11.5,0.3,-18.8,0,,,,
S6,,Vascular_plant,Seagrasses,,,,Y,,,,Larsen et al. 2009,-17.74,-2.36,0.24,-3.66,0.74,5.04,0,-3.1,-12,0.2,-15.2,0.8,-15.2,0,-6.7,0.3,,,,,-20.1,0,-21.4,0.1,-17.5,0.1,-12.2,0.2,-17,0.1,-12.7,0.1,-17.1,0.2,,,,
S7,,Vascular_plant,Seagrasses,,,,Y,,,,Larsen et al. 2009,-18.9,-2.1,-0.9,-4.2,1.3,5.9,0,-3.4,-16.7,0.1,-17.7,0.9,-17.7,0.1,-9.3,0,,,,,-21,0.1,-23.1,0.2,-19.8,0.5,,,-17.6,0.1,-13,0.2,-19.3,0.1,,,,
T1,,Vascular_plant,C3_terrestrial_plant,"Silkeborg, DK",modern,,Y,N,Y,,Larsen et al. 2013,-32.56,-4.54,3.36,-5.84,0.06,6.96,0,-4.6,-27.2,0.2,-25.7,1.3,-29.4,0.1,-24.2,0.1,-24.9,0.2,,,-37.1,0.5,-38.4,0.2,-29.2,0.1,-15.7,0.3,-32.5,0.4,-25.6,0.2,-30.3,0.1,,,,
T2,,Vascular_plant,C3_terrestrial_plant,"Silkeborg, DK",modern,,Y,N,Y,,Larsen et al. 2013,-33.66,-2.44,2.96,-6.04,-0.24,5.76,0,-2.2,-24.6,0,-25.5,0,-29.1,0,-24.5,0,-32.4,0.8,,,-36.1,0.2,-39.7,0.4,-30.7,0.1,-16.1,2.3,-33.9,0.1,-27.9,0.1,-31.5,0,,,,
T3,,Vascular_plant,C3_terrestrial_plant,"North Slope, AK",modern,,Y,N,Y,,Larsen et al. 2013,-27.9,-3.5,3.7,-6.5,0.9,5.4,0,-4.4,-25.1,0.1,-19.9,0.5,-23.7,0.1,-20.1,0.1,-21.5,0.6,,,-31.4,0.3,-34.4,0.2,-24.2,0.3,-12.6,0.3,-27,0.1,-22.5,0.1,-26,0.3,,,,
T4,,Vascular_plant,C3_terrestrial_plant,"North Slope, AK",modern,,Y,N,Y,,Larsen et al. 2013,-29.74,-3.56,2.34,-5.56,0.94,5.84,0,-4.5,-27,0,-23,0.6,-26.5,0.1,-23.3,0.1,-26,0.3,-28.9,0.3,-33.3,0.1,-35.3,0.1,-27.4,0.5,-15.8,0.1,-28.8,0.1,-23.9,0.4,-28.6,0.1,,,,
T5,,Vascular_plant,C3_terrestrial_plant,"North Slope, AK",modern,,Y,N,Y,,Larsen et al. 2013,-28.42,-3.18,1.62,-5.08,0.72,5.92,0,-3.9,-25.6,0,-22.7,0.1,-26,0.1,-18.7,0.1,-22.9,0.2,,,-31.6,0.1,-33.5,0.2,-26.8,0.4,-15.3,0.1,-27.7,0.1,-22.5,0.1,-26,0,,,,
T6,,Vascular_plant,C3_terrestrial_plant,"North Slope, AK",modern,,Y,N,Y,,Larsen et al. 2013,-29.46,-2.54,2.36,-4.94,0.56,4.56,0,-3.1,-26.9,0,-22,0.1,-26.4,0.1,-19.3,0.2,-27.3,0.1,-25.6,0.4,-32,0.1,-34.4,0.1,-27.1,0.1,-9.9,0.7,-28.9,0.2,-24.9,0.1,-29.3,0,,,,
T7,,Vascular_plant,C3_terrestrial_plant,"North Slope, AK",modern,,Y,N,Y,,Larsen et al. 2013,-29.1,-3.1,1.6,-4.5,0.4,5.6,0,-3.5,-27,0.1,-22,0.6,-25.7,0.1,-21.9,0.2,-27,0.3,-32.2,0.3,-32.2,0.1,-33.6,0.1,-27.5,0.2,-12.6,1,-28.7,0.1,-23.5,0.4,-28.3,0.1,,,,
T8,,Vascular_plant,C3_terrestrial_plant,"North Slope, AK",modern,,Y,N,Y,,Larsen et al. 2013,-28.54,-2.06,3.34,-6.66,0.74,4.64,0,-2.8,-26.2,0.2,-19.1,0.1,-25.9,0,-20.2,0.1,-30.1,0.2,-33,0.3,-30.6,0.1,-35.2,0.1,-25.2,0.1,-8.6,0.5,-27.8,0.1,-23.9,0.1,-28.1,0.1,,,,
T9,,Vascular_plant,C3_terrestrial_plant,"North Slope, AK",modern,,Y,N,Y,,Larsen et al. 2013,-29.8,-2.8,2,-5.6,0.9,5.5,0,-3.7,-26.7,0,-22.9,0.1,-26.8,0,-21.7,0.1,-25.1,0.7,-26.8,0.7,-32.6,0.1,-35.4,0.4,-27.8,0.1,-15.4,0.1,-28.9,0.1,-24.3,0.3,-29,0.1,,,,
T10,,Vascular_plant,C3_terrestrial_plant,"North Slope, AK",modern,,Y,N,Y,,Larsen et al. 2013,-27.94,-2.56,2.84,-6.56,1.54,4.74,0,-4.1,-24.7,0.1,-19.4,0.7,-23.4,0,-19.4,0.4,-23.4,0.9,-28.6,0.2,-30.5,0.5,-34.5,0.4,-25.1,0.3,-11.5,0.1,-26.4,0.1,-23.2,0.4,-27,0.2,,,,
T11,,Vascular_plant,C3_terrestrial_plant,"North Slope, AK",modern,,Y,N,Y,,Larsen et al. 2013,-27,-3,3.8,-6,0,5.2,0,-3,-25.2,0.4,-18.8,0.1,-23.6,0,-18.6,0.2,-25.4,,-24.5,,-30,0.2,-33,0.1,-23.2,0.1,-4.4,0.5,-27,0.1,-21.8,0.1,-27.3,0.1,,,,
T12,,Vascular_plant,C3_terrestrial_plant,"North Slope, AK",modern,,Y,N,Y,,Larsen et al. 2013,-30.88,-3.22,3.28,-6.32,0.98,5.28,0,-4.2,-27.3,0.1,-24.1,0,-26.1,0.1,-21.1,0.2,,,,,-34.1,0.2,-37.2,0.1,-27.6,0.1,-18.1,0.4,-29.9,0.1,-25.6,0.2,-28.7,0,,,,
,Calamagrostis purpurascens,Vascular_plant,C3_terrestrial_plant,,,,Y,N,Y,,Larsen et al. 2009,-32.64,-3.16,0.54,-5.96,1.64,6.94,0,-4.8,-31.8,,-24.8,,-28.9,,-25.7,,,,-35.6,,-35.8,0.1,-38.6,0.1,-32.1,0.1,-20.4,0.1,-31,0.1,-25.7,,,,-14.5,,-27.3,
,Capsicum annuum,Vascular_plant,C3_terrestrial_plant,,,,Y,N,Y,,Larsen et al. 2009,-34.74,-1.96,-0.36,-7.06,0.94,8.44,0,-2.9,-32.7,,-24.2,,-29.6,,-13.8,,,,-35.4,,-36.7,0.1,-41.8,0.1,-35.1,0.1,-17.4,0.1,-33.8,0.1,-26.3,,,,-21,,-28.7,
,Carex bigelowii,Vascular_plant,C3_terrestrial_plant,,,,Y,N,Y,,Larsen et al. 2009,-34.94,-2.76,1.04,-8.26,3.24,6.74,0,-6,-33.7,,-27,,-31.3,,-30.1,,,,-33.5,,-37.7,0.1,-43.2,0.1,-33.9,0.1,-17.9,0.1,-31.7,0.1,-28.2,,,,-24.7,,-29.6,
,Cucumis sativus,Vascular_plant,C3_terrestrial_plant,,,,Y,N,Y,,Larsen et al. 2009,-31.9,-3.7,1.3,-5.5,-1,8.9,0,-2.7,-27.8,,-21.6,,-27.1,,-24.6,,,,-35.2,,-35.6,0.1,-37.4,0.1,-30.6,0.1,-19.5,0.1,-32.9,0.1,-23,,,,-19.4,,-26,
,Helianthus annuus,Vascular_plant,C3_terrestrial_plant,,,,Y,N,Y,,Larsen et al. 2009,-33.06,-5.04,1.26,-6.54,2.86,7.46,0,-7.9,-31.5,,-24.9,,-28.4,,-22.7,,,,-38.9,,-38.1,0.1,-39.6,0.1,-31.8,0.1,-16.8,0.1,-30.2,0.1,-25.6,,,,-17.9,,-26.8,
,Origanum vulgare,Vascular_plant,C3_terrestrial_plant,,,,Y,N,Y,,Larsen et al. 2009,-33.22,-3.38,1.12,-5.48,0.72,7.02,0,-4.1,-32,,-25.1,,-29.1,,-27.9,,,,-35.9,,-36.6,0.1,-38.7,0.1,-32.1,0.1,-19.4,0.1,-32.5,0.1,-26.2,,,,-20.9,,-28.2,
,Solanum lycopersicum,Vascular_plant,C3_terrestrial_plant,,,,Y,N,Y,,Larsen et al. 2009,-32.64,-4.16,1.44,-6.66,0.04,9.34,0,-4.2,-32.5,,-21.4,,-26.5,,-14.8,,,,-32.1,,-36.8,0.1,-39.3,0.1,-31.2,0.1,-15,0.1,-32.6,0.1,-23.3,,,,-19.7,,-25.6,
,Vaccinium uliginosum,Vascular_plant,C3_terrestrial_plant,,,,Y,N,Y,,Larsen et al. 2009,-35.28,-4.02,0.08,-5.42,1.48,7.88,0,-5.5,-34.1,,-27.3,,-31.2,,-30.7,,,,-29.4,,-39.3,0.1,-40.7,0.1,-35.2,0.1,-22.5,0.1,-33.8,0.1,-27.4,,,,-23.1,,-34.8,
,Equisetum pratense,Vascular_plant,C3_terrestrial_plant,,,,Y,N,Y,,Larsen et al. 2009,-32.18,-3.82,1.08,-5.22,2.48,5.48,0,-6.3,-35.7,,-25.4,,-30.8,,-34.7,,,,-28.2,,-36,0.1,-37.4,0.1,-31.1,0.1,-19.7,0.1,-29.7,0.1,-26.7,,,,-21.9,,-28,
,Equisetum scirpoides,Vascular_plant,C3_terrestrial_plant,,,,Y,N,Y,,Larsen et al. 2009,-37.7,-3.6,1.9,-6.7,0.4,8,0,-4,-37.3,,-29.5,,-35.5,,-31.8,,,,-37.6,,-41.3,0.1,-44.4,0.1,-35.8,0.1,-22.8,0.1,-37.3,0.1,-29.7,,,,-23.4,,-38.5,
F1,,Fungi,,,,,Y,,,,Larsen et al. 2010,-26.76,1.66,3.36,-3.24,-0.54,-1.24,0,2.2,-21.2,0.1,-20.4,0.1,-20.9,0,-28.8,0.3,-22.1,0.3,-22,0.2,-25.1,0.1,-30,0.2,-23.4,0.1,-13.8,0.5,-27.3,0,-28,0.4,-27.1,0.1,,,,
F2,,Fungi,,,,,Y,,,,Larsen et al. 2011,-24.84,3.14,2.54,-2.36,-1.66,-1.66,0,4.8,-16,0.2,-19.7,0.6,-20.7,0,-22.8,0.1,-20.6,0.4,-24.5,0.3,-21.7,0.2,-27.2,0.1,-22.3,0.4,-11.9,0.5,-26.5,0,-26.5,0.2,-26.6,0.1,,,,
F3,,Fungi,,,,,Y,,,,Larsen et al. 2012,-27.96,1.86,3.16,-3.14,-2.24,0.36,0,4.1,-21.4,0.1,-22.3,0.1,-20.6,0.1,-25.7,0.1,,,-25.1,0.4,-26.1,0,-31.1,0.5,-24.8,0.1,-14.3,0.1,-30.2,0.4,-27.6,0.7,-28.8,0.1,,,,
F4,,Fungi,,,,,Y,,,,Larsen et al. 2013,-27.08,0.28,4.38,-2.42,-0.82,-1.42,0,1.1,-18.3,0,-21.9,0,-21.3,0.1,-23.2,0.6,-22.9,0.3,-25.2,0.6,-26.8,0.2,-29.5,0.1,-22.7,0.2,-12.2,0.1,-27.9,0,-28.5,0.1,-27.5,0.2,,,,
F8,,Fungi,,,,,Y,,,,Larsen et al. 2014,-10.28,1.58,4.28,-2.12,-3.02,-0.72,0,4.6,-6.4,0.1,-6.3,0.1,-4.1,0,-10.7,0.1,-7.1,0.4,-10.7,0.3,-8.7,0.1,-12.4,0.1,-6,0,-1.2,0.1,-13.3,0,-11,0.2,-13.9,0.1,,,,
F5,,Fungi,,,,,Y,,,,Larsen et al. 2015,-12.14,1.84,3.64,-2.56,-2.36,-0.56,0,4.2,-5.5,0.1,-6.6,0.8,-4.9,0.2,-8.7,0.1,-8.3,0.7,-10.3,0.2,-10.3,0.1,-14.7,0.5,-8.5,0.3,-1.9,0.8,-14.5,0.1,-12.7,0.2,-14.3,0.1,,,,
F6,,Fungi,,,,,Y,,,,Larsen et al. 2016,-12,3.7,3.8,-1.8,-3.3,-2.4,0,7,-5.2,0,-5.7,0.5,-3.9,0,-4.4,0.2,-10.8,0.3,-9.7,0.1,-8.3,0.3,-13.8,0.4,-8.2,0.4,-1.6,0.5,-15.3,0.1,-14.4,0.6,-15.1,0.1,,,,
F7,,Fungi,,,,,Y,,,,Larsen et al. 2017,-13.3,3.3,3.8,-4,-2.2,-0.9,0,5.5,-4.7,0.2,-4.5,0.1,-4.2,0.1,-8.1,0.1,-9.2,0.2,-12,0.5,-10,0.3,-17.3,0.3,-9.5,0.2,-3.3,0.1,-15.5,0.1,-14.2,0.2,-14.6,0.2,,,,
F9,,Fungi,,,,,Y,,,,Larsen et al. 2018,-13.24,1.74,3.94,-3.46,-2.06,-0.16,0,3.8,-6.2,0.1,-5.6,0.2,-4.3,0,-7.5,0.1,-6.7,0.3,-13.8,0.5,-11.5,0,-16.7,0.1,-9.3,0.1,-4.4,0,-15.3,0.1,-13.4,0.4,-15,0.1,,,,