Abbreviated reference,Habitat,Growing system,Vascularization,Group,Group1,Functional group,Class,Species,Category,ala_d15N,asx_d15N,glu_d15N,ile_d15N,leu_d15N,pro_d15N,val_d15N,gly_d15N,lys_d15N,phe_d15N,ser_d15N,met_d15N,thr_d15N,Beta_glx-phe
Chikaraishi et al. 2007,Marine,Natural,Non-vascular,Macroalgae,Macroalgae,Brown macroalgae,Phaeophyceae,Sargassum filicinum,brown algae,6.7,na,5.8,5.1,2.3,6.7,7.7,-1.9,,3.5,-2.1,1.4,na,2.3
Chikaraishi et al. 2007,Marine,Natural,Non-vascular,Macroalgae,Macroalgae,Brown macroalgae,Phaeophyceae,Undaria pinnatifida,brown algae,7.5,na,6.3,5.1,4.5,5,6.2,-1.3,,3.5,-2.6,1.4,na,2.8
Chikaraishi et al. 2007,Marine,Natural,Non-vascular,Macroalgae,Macroalgae,Brown macroalgae,Phaeophyceae,Sargassum filicinum,brown algae,7.3,na,6.3,5.8,2.8,7.2,8.4,-1.5,,4.1,-1.6,2,na,2.2
Chikaraishi et al. 2007,Marine,Natural,Non-vascular,Macroalgae,Macroalgae,Brown macroalgae,Phaeophyceae,Undaria pinnatifida,brown algae,8,na,6.9,5.7,5.1,5.4,6.8,-0.7,,4.1,-2.1,2,na,2.8
Chikaraishi et al. 2009,Marine,Natural,Non-vascular,Macroalgae,Macroalgae,Brown macroalgae,Phaeophyceae,Sargassum filicinum,brown algae,7.9,na,8.2,7.2,4.6,9,9.3,-0.8,,4.4,1.6,2.5,na,3.8
Chikaraishi et al. 2014,Marine,Natural,Non-vascular,Macroalgae,Macroalgae,Brown macroalgae,Phaeophyceae,Ecklonia cava,brown algae,8.2,na,9.3,7.8,7.9,9.2,9.4,2.7,,5.4,2,4.6,na,3.9
Chikaraishi et al. 2014,Marine,Natural,Non-vascular,Macroalgae,Macroalgae,Brown macroalgae,Phaeophyceae,Eisenia bicyclis,brown algae,9.3,na,9.4,8.2,9.1,8.8,10,3.1,,6.5,-1.6,3.8,na,2.9
Ishikawa et al. 2018,Marine,Natural,Non-vascular,Macroalgae,Macroalgae,Brown macroalgae,Phaeophyceae,Ishige okamurae,brown algae,na,na,8.3,na,na,na,na,na,,4.9,na,-0.4,na,3.4
Ishikawa et al. 2018,Marine,Natural,Non-vascular,Macroalgae,Macroalgae,Brown macroalgae,Phaeophyceae,Sargassum fulvellum,brown algae,na,na,9.5,na,na,na,na,na,,6.4,na,1.3,na,3.1
Garc√≠a-Seoane et al. 2022,Marine,Natural,Non-vascular,Macroalgae,Macroalgae,Brown macroalgae,Phaeophyceae,Fucus vesiculosus,brown algae,12.2,14,14,9.3,12.3,13.2,12.4,9.4,13.3,11.3,na,10.5,12.2,2.7
Garc√≠a-Seoane et al. 2022,Marine,Natural,Non-vascular,Macroalgae,Macroalgae,Brown macroalgae,Phaeophyceae,Fucus vesiculosus,brown algae,11.9,12,12.8,8.6,10.2,10.5,11.5,9.9,9.2,10.4,8.1,8.7,9.2,2.4
Garc√≠a-Seoane et al. 2022,Marine,Natural,Non-vascular,Macroalgae,Macroalgae,Brown macroalgae,Phaeophyceae,Fucus vesiculosus,brown algae,12.4,13.4,13.9,9.4,11.4,12.5,13.3,10.7,11.5,11.8,5,10,11.5,2.1
Garc√≠a-Seoane et al. 2022,Marine,Natural,Non-vascular,Macroalgae,Macroalgae,Brown macroalgae,Phaeophyceae,Fucus vesiculosus,brown algae,11.6,11.5,12.8,10.4,9.7,7.5,12.4,7.4,2.7,11,8.2,na,9.7,1.8
Garc√≠a-Seoane et al. 2022,Marine,Natural,Non-vascular,Macroalgae,Macroalgae,Brown macroalgae,Phaeophyceae,Fucus vesiculosus,brown algae,10.8,11.5,12.7,9.1,10.5,9.2,11.3,7.3,7.6,10.5,4.1,8.8,6.9,2.2
Garc√≠a-Seoane et al. 2022,Marine,Natural,Non-vascular,Macroalgae,Macroalgae,Brown macroalgae,Phaeophyceae,Fucus vesiculosus,brown algae,11.7,12.4,13.1,10.7,11.3,12.1,12.7,6,10,11.6,9.6,na,8.7,1.5
Garc√≠a-Seoane et al. 2022,Marine,Natural,Non-vascular,Macroalgae,Macroalgae,Brown macroalgae,Phaeophyceae,Fucus vesiculosus,brown algae,10.7,10.1,12.8,na,8.3,9.1,na,3.4,4.3,10.4,na,na,na,2.4
Garc√≠a-Seoane et al. 2022,Marine,Natural,Non-vascular,Macroalgae,Macroalgae,Brown macroalgae,Phaeophyceae,Fucus vesiculosus,brown algae,7,11,12.4,8.5,8.2,3.7,9.3,4.5,-0.8,10.2,na,7.9,5.5,2.2
Garc√≠a-Seoane et al. 2022,Marine,Natural,Non-vascular,Macroalgae,Macroalgae,Brown macroalgae,Phaeophyceae,Fucus vesiculosus,brown algae,11,11.5,12.4,7,8.3,3.9,10.5,4.5,0.7,11.4,4.7,8.6,9.9,1
Garc√≠a-Seoane et al. 2022,Marine,Natural,Non-vascular,Macroalgae,Macroalgae,Brown macroalgae,Phaeophyceae,Fucus vesiculosus,brown algae,9.2,9.8,10.7,na,7.3,5.3,9.1,4.2,1.3,7.2,1.2,na,2.5,3.5
Garc√≠a-Seoane et al. 2022,Marine,Natural,Non-vascular,Macroalgae,Macroalgae,Brown macroalgae,Phaeophyceae,Fucus vesiculosus,brown algae,7.9,8.8,9.7,na,6.2,7.6,7.3,2.2,2.4,6.2,na,na,na,3.5
Garc√≠a-Seoane et al. 2022,Marine,Natural,Non-vascular,Macroalgae,Macroalgae,Brown macroalgae,Phaeophyceae,Fucus vesiculosus,brown algae,8.9,9.1,10.2,5.2,6.6,8.8,8.2,4.4,7,6.9,0.2,na,4.5,3.3
Garc√≠a-Seoane et al. 2022,Marine,Natural,Non-vascular,Macroalgae,Macroalgae,Brown macroalgae,Phaeophyceae,Fucus vesiculosus,brown algae,6.9,7.3,9,na,7.5,1.4,na,-2.5,-1.9,5.6,na,na,na,3.4
Garc√≠a-Seoane et al. 2022,Marine,Natural,Non-vascular,Macroalgae,Macroalgae,Brown macroalgae,Phaeophyceae,Fucus vesiculosus,brown algae,6.6,7.9,8.6,na,6,7.7,6.8,0.2,5.1,7.2,na,na,na,1.4
Garc√≠a-Seoane et al. 2022,Marine,Natural,Non-vascular,Macroalgae,Macroalgae,Brown macroalgae,Phaeophyceae,Fucus vesiculosus,brown algae,na,10.2,6.7,na,na,na,na,na,,,na,na,na,6.7
Garc√≠a-Seoane et al. 2022,Marine,Natural,Non-vascular,Macroalgae,Macroalgae,Brown macroalgae,Phaeophyceae,Fucus vesiculosus,brown algae,12.1,8.5,8.7,na,11.2,9.5,na,4.8,7.5,9.6,na,na,na,-0.9
Garc√≠a-Seoane et al. 2022,Marine,Natural,Non-vascular,Macroalgae,Macroalgae,Brown macroalgae,Phaeophyceae,Fucus vesiculosus,brown algae,11.2,10.9,12.1,na,9.6,11,na,4.2,7.7,10.3,na,6.1,1.2,1.8
Garc√≠a-Seoane et al. 2022,Marine,Natural,Non-vascular,Macroalgae,Macroalgae,Brown macroalgae,Phaeophyceae,Fucus vesiculosus,brown algae,10.3,10.4,11.9,na,10.1,10.2,na,3.9,6.6,9.8,na,na,na,2.1
Garc√≠a-Seoane et al. 2022,Marine,Natural,Non-vascular,Macroalgae,Macroalgae,Brown macroalgae,Phaeophyceae,Ascophyllum nodosum,brown algae,8.2,1.3,13.9,na,4.8,8.3,9.1,4.8,9.6,8.4,3.7,na,6.4,5.5
Garc√≠a-Seoane et al. 2022,Marine,Natural,Non-vascular,Macroalgae,Macroalgae,Brown macroalgae,Phaeophyceae,Ascophyllum nodosum,brown algae,9.8,14.1,16.9,na,14.1,13.6,na,5.9,14.7,12,6.4,na,13,4.9
Garc√≠a-Seoane et al. 2022,Marine,Natural,Non-vascular,Macroalgae,Macroalgae,Brown macroalgae,Phaeophyceae,Bifurcaria bifurcata,brown algae,3.1,9,7.8,na,6.5,5.8,5.5,-2.7,6.9,5.5,-1.7,na,2.7,2.3
Garc√≠a-Seoane et al. 2022,Marine,Natural,Non-vascular,Macroalgae,Macroalgae,Brown macroalgae,Phaeophyceae,Ericaria selaginoides,brown algae,4.9,5.5,11.7,na,6.3,1.3,8.1,1.6,1,8.2,2.7,na,10.5,3.5
Garc√≠a-Seoane et al. 2022,Marine,Natural,Non-vascular,Macroalgae,Macroalgae,Brown macroalgae,Phaeophyceae,Fucus serratus,brown algae,9.5,5.3,4.4,na,2.2,6.3,na,1.1,4.5,3.3,na,na,na,1.1
Garc√≠a-Seoane et al. 2022,Marine,Natural,Non-vascular,Macroalgae,Macroalgae,Brown macroalgae,Phaeophyceae,Gongolaria baccata,brown algae,7.7,8.8,9.4,3.8,6.6,8.6,9.7,3.6,7.8,8,2.7,9.5,9.6,1.4
Garc√≠a-Seoane et al. 2022,Marine,Natural,Non-vascular,Macroalgae,Macroalgae,Brown macroalgae,Phaeophyceae,Sargassum fluitans,brown algae,5.4,1,2.8,na,-4.6,1,0.9,-3.7,-2.1,-2.4,0.3,na,-12.6,5.2
Garc√≠a-Seoane et al. 2022,Marine,Natural,Non-vascular,Macroalgae,Macroalgae,Brown macroalgae,Phaeophyceae,Sargassum muticum,brown algae,10.6,9.7,15.3,na,9.7,12.1,12.3,3.9,8.5,10,4.6,na,12,5.3
Garc√≠a-Seoane et al. 2022,Marine,Natural,Non-vascular,Macroalgae,Macroalgae,Brown macroalgae,Phaeophyceae,Laminaria ochroleuca,brown algae,4.7,6.3,5.3,1.3,2.3,-0.3,5.2,-2.9,-1.3,5.1,-2.5,5.8,4.8,0.2
Garc√≠a-Seoane et al. 2022,Marine,Natural,Non-vascular,Macroalgae,Macroalgae,Brown macroalgae,Phaeophyceae,Laminaria ochroleuca,brown algae,4.6,5.7,6.1,-1.2,1.7,6.5,2.7,-2.8,4.2,3.9,-8.4,3,6,2.2
Garc√≠a-Seoane et al. 2022,Marine,Natural,Non-vascular,Macroalgae,Macroalgae,Brown macroalgae,Phaeophyceae,Saccorhiza polyschides,brown algae,9.2,10.1,10.4,8,7.7,1.4,9.4,3.4,1.8,8.5,1.5,8,7.5,1.9
Chikaraishi et al. 2007,Marine,Natural,Non-vascular,Macroalgae,Macroalgae,Red macroalgae,Florideophyceae,Binghamia californica,red algae,6.9,na,8.6,6.4,4.9,7.3,8.3,-0.8,,3.6,-1.4,0.9,na,5
Chikaraishi et al. 2007,Marine,Natural,Non-vascular,Macroalgae,Macroalgae,Red macroalgae,Florideophyceae,Gelidium japonica,red algae,8.2,na,9.3,7,5.7,7.3,7.7,2.9,,4.7,-3.3,3.2,na,4.6
Chikaraishi et al. 2009,Marine,Natural,Non-vascular,Macroalgae,Macroalgae,Red macroalgae,Florideophyceae,Gelidium japonica,red algae,10.4,na,9.2,9.4,8.5,10.5,10.6,0.4,,6.6,0.6,3.8,na,2.6
Chikaraishi et al. 2007,Marine,Natural,Non-vascular,Macroalgae,Macroalgae,Red macroalgae,Florideophyceae,Binghamia californica,red algae,7.7,na,8.7,6.3,5.1,6.8,7,2.3,,4.3,-4,2.6,na,4.4
Chikaraishi et al. 2007,Marine,Natural,Non-vascular,Macroalgae,Macroalgae,Red macroalgae,Florideophyceae,Gelidium japonica,red algae,6.3,na,7.8,5.8,4.3,6.8,7.7,-1.4,,2.9,-1.9,0.3,na,4.9
Chikaraishi et al. 2014,Marine,Natural,Non-vascular,Macroalgae,Macroalgae,Red macroalgae,Florideophyceae,Gelidium japonicum,red algae,8.3,na,9.1,6.2,5.7,6.4,6.5,0.6,,5.2,-2.5,3.5,na,3.9
Chikaraishi et al. 2014,Marine,Natural,Non-vascular,Macroalgae,Macroalgae,Red macroalgae,Florideophyceae,Gelidium japonicum,red algae,8.9,na,7.3,5.9,7,5,6.9,1.5,,3.7,na,na,na,3.6
Chikaraishi et al. 2014,Marine,Natural,Non-vascular,Macroalgae,Macroalgae,Red macroalgae,Florideophyceae,Gelidium japonicum,red algae,7.4,na,9.1,8,4.4,8.8,5.1,-0.5,,5.1,na,na,na,4
Garc√≠a-Seoane et al. 2022,Marine,Natural,Non-vascular,Macroalgae,Macroalgae,Red macroalgae,Florideophyceae,Chondrus crispus,red algae,7.2,9.8,10.8,4.1,4.8,8.3,9.6,0.3,6.6,5.9,-0.1,na,12.8,4.9
Garc√≠a-Seoane et al. 2022,Marine,Natural,Non-vascular,Macroalgae,Macroalgae,Red macroalgae,Florideophyceae,Chondrus crispus,red algae,5.4,10.2,11.1,6.6,5.3,15.5,10,1.6,8.1,4.5,na,na,11.6,6.6
Garc√≠a-Seoane et al. 2022,Marine,Natural,Non-vascular,Macroalgae,Macroalgae,Red macroalgae,Florideophyceae,Corallina elongata,red algae,8,4.1,5.8,na,1.5,4.2,na,-0.5,,5.2,na,na,na,0.6
Garc√≠a-Seoane et al. 2022,Marine,Natural,Non-vascular,Macroalgae,Macroalgae,Red macroalgae,Florideophyceae,Gigartina acicularis,red algae,3.8,9.6,8.8,na,3.5,6.1,6.6,-2.2,2,,4.7,na,16.9,8.8
Garc√≠a-Seoane et al. 2022,Marine,Natural,Non-vascular,Macroalgae,Macroalgae,Red macroalgae,Florideophyceae,Gymnogongrus crenulatus,red algae,3.8,10.8,16.4,na,4.4,7.3,8.1,-2.4,1.4,4.5,5.2,na,17.6,11.9
Garc√≠a-Seoane et al. 2022,Marine,Natural,Non-vascular,Macroalgae,Macroalgae,Red macroalgae,Florideophyceae,Mastocarpus stellatus,red algae,7.1,10.4,7,4.9,4.6,7.3,10.7,-0.2,-0.4,9.7,na,2.5,13.5,-2.7
Garc√≠a-Seoane et al. 2022,Marine,Natural,Non-vascular,Macroalgae,Macroalgae,Red macroalgae,Florideophyceae,Mastocarpus stellatus,red algae,4.5,7.7,6.2,2.2,3.3,8.9,7.2,-1.6,-0.2,4.8,-2.6,3.3,8.9,1.4
Chikaraishi et al. 2009,Freshwater,Natural,Non-vascular,Macroalgae,Macroalgae,Green macroalgae,Trebouxiophyceae,Prasiola japonica,green algae,2.6,na,4.2,2.7,3.9,3.2,4.2,0.1,,0.3,-0.5,-1.1,na,3.9
Chikaraishi et al. 2009,Marine,Lab culture,Non-vascular,Macroalgae,Macroalgae,Green macroalgae,Ulvophyceae,Boergesenia forbesii,green algae,5.7,na,5.8,5.4,4.9,5.4,6.7,0.2,,2.4,-4.2,0.7,na,3.4
Maeda et al. 2012,Marine,Natural,Non-vascular,Macroalgae,Macroalgae,Green macroalgae,Ulvophyceae,Rhipidosiphon lewmanomontiae,green algae,na,na,12.3,na,na,na,na,na,,8.8,na,na,na,3.5
Garc√≠a-Seoane et al. 2022,Marine,Natural,Non-vascular,Macroalgae,Macroalgae,Green macroalgae,Ulvophyceae,Codium tomentosum,green algae,9.1,10.5,12.1,7.3,6.9,9.4,10.6,-0.9,8,12,-2.1,13.7,15,0.1
Garc√≠a-Seoane et al. 2022,Marine,Natural,Non-vascular,Macroalgae,Macroalgae,Green macroalgae,Ulvophyceae,Ulva clathrata,green algae,10.4,12,12.7,7.1,8.8,12.5,14,6.4,10,7.1,1.3,na,16.3,5.6
Garc√≠a-Seoane et al. 2022,Marine,Natural,Non-vascular,Macroalgae,Macroalgae,Green macroalgae,Ulvophyceae,Ulva intestinalis,green algae,9.4,13.2,12.5,na,8.6,5.8,12,2.2,,9.2,4.4,na,9.4,3.3
Garc√≠a-Seoane et al. 2022,Marine,Natural,Non-vascular,Macroalgae,Macroalgae,Green macroalgae,Ulvophyceae,Ulva rigida,green algae,7.9,14.1,19.6,na,8.2,12.4,12.9,4.6,9.3,6.3,3.7,na,13.5,13.3
Garc√≠a-Seoane et al. 2022,Marine,Natural,Non-vascular,Macroalgae,Macroalgae,Green macroalgae,Ulvophyceae,Ulva rigida,green algae,5.4,10.1,13.1,na,6.3,10.9,11.8,2.6,6.9,5.6,0.4,na,13.9,7.5
McClelland et al. 2003,Marine,Lab culture,Non-vascular,Microalgae,Phytoplankton,Cyanobacteria,Cyanophyceae,Trichodesmium sp.,phytoplankton,-3.2,2.9,-1.4,-0.7,-0.3,-1.6,-0.5,-2.1,-2.8,-3.6,-8.9,-4.4,-0.6,2.2
Chikaraishi et al. 2009,Marine,Lab culture,Non-vascular,Microalgae,Phytoplankton,Cyanobacteria,Cyanophyceae,Anabaena cylindrica,phytoplankton,0.2,na,1.1,0.6,0.3,na,3,-5.8,,-3,-6.4,na,na,4.1
Chikaraishi et al. 2009,Marine,Lab culture,Non-vascular,Microalgae,Phytoplankton,Cyanobacteria,Cyanophyceae,Nostoc sp.,phytoplankton,-1.4,na,-0.2,na,-0.8,-0.6,0.8,-3.6,,-3.8,-6.2,na,na,3.6
Chikaraishi et al. 2009,Marine,Lab culture,Non-vascular,Microalgae,Phytoplankton,Cyanobacteria,Cyanophyceae,Nostoc sp.,phytoplankton,-4.7,na,-6.1,-4.6,-7,-5.4,-4,-5.6,,-8.8,-13.4,na,na,2.7
Chikaraishi et al. 2009,Terrestrial,Natural,Non-vascular,Microalgae,Phytoplankton,Cyanobacteria,Cyanophyceae,Nostoc commune,phytoplankton,-0.2,na,-1.6,-1,-1.3,-1.5,-1.1,-11.4,,-4.6,-10.8,na,na,3
Chikaraishi et al. 2009,Marine,Lab culture,Non-vascular,Microalgae,Phytoplankton,Cyanobacteria,Cyanophyceae,Oscillatoria sancta,phytoplankton,-1.3,na,1.3,-0.2,-0.6,-3.4,1.9,-4.5,,-1.7,-9.3,-3.4,na,3
Chikaraishi et al. 2009,Marine,Lab culture,Non-vascular,Microalgae,Phytoplankton,Cyanobacteria,Cyanophyceae,Synechococcus sp.,phytoplankton,5.2,na,5.6,4.8,4,6.3,6.1,-0.2,,2.2,-2.1,na,na,3.4
Chikaraishi et al. 2009,Marine,Lab culture,Non-vascular,Microalgae,Phytoplankton,Cyanobacteria,Cyanophyceae,Synechococcus sp.,phytoplankton,-0.9,na,1.2,1.2,0.2,1.1,0.9,-5.4,,-2.6,-7.3,-5.4,na,3.8
Chikaraishi et al. 2009,Marine,Lab culture,Non-vascular,Microalgae,Phytoplankton,Cyanobacteria,Cyanophyceae,Acaryochloris marina,phytoplankton,4.4,na,5.1,2.5,4.1,4.4,6.2,-0.8,,0.8,-1.2,na,na,4.3
McCarthy et al. 2013,Marine,Lab culture,Non-vascular,Microalgae,Phytoplankton,Cyanobacteria,Cyanophyceae,Synechococcus sp.,phytoplankton,-11.9,-14.7,-16.9,-17.6,-17.5,-14.2,-14.3,-14.7,-20.5,-15.6,-17.6,na,-14.6,-1.3
McCarthy et al. 2013,Marine,Lab culture,Non-vascular,Microalgae,Phytoplankton,Cyanobacteria,Cyanophyceae,Synechococcus sp.,phytoplankton,-12.1,-17.2,-17.2,-19,-18.5,-13.1,-18.4,-19.8,-24.1,-18.5,-19.5,na,-18.7,1.3
McCarthy et al. 2013,Marine,Lab culture,Non-vascular,Microalgae,Phytoplankton,Cyanobacteria,Cyanophyceae,Prochlorococcus marinus,phytoplankton,-6.9,-6.8,-3.5,-9.1,-8.6,-5.7,-4.6,-5.6,-11.1,-9.8,-9.6,na,-8.4,6.3
McCarthy et al. 2013,Marine,Lab culture,Non-vascular,Microalgae,Phytoplankton,Cyanobacteria,Cyanophyceae,Trichodesmium erythaeum,phytoplankton,-1.8,-2.1,-1.6,-2.5,-0.3,1.6,-4.7,0.7,0.3,0.2,-5.2,na,0.1,-1.8
McCarthy et al. 2013,Marine,Lab culture,Non-vascular,Microalgae,Phytoplankton,Cyanobacteria,Cyanophyceae,Synechococcus sp.,phytoplankton,-10.6,-5.4,-7,-8.2,-8.6,-5.8,-5.6,-13,-12.1,-8.4,-13.3,na,-6.3,1.4
McCarthy et al. 2013,Marine,Lab culture,Non-vascular,Microalgae,Phytoplankton,Cyanobacteria,Cyanophyceae,Cyanothece sp.,phytoplankton,-3.8,-4.3,-4.6,-7.4,-9.1,-1.6,-1.2,-5.9,-8,-7.3,-8.5,na,-2.9,2.7
McCarthy et al. 2013,Marine,Lab culture,Non-vascular,Microalgae,Phytoplankton,Cyanobacteria,Cyanophyceae,Cyanothece sp.,phytoplankton,5.7,2.7,0.9,-0.8,-1.3,2.2,4.5,1.3,-6.9,-2,-3.9,na,3.3,2.9
Shen et al. 2021,Marine,Lab culture,Non-vascular,Microalgae,Phytoplankton,Cyanobacteria,Cyanophyceae,not specified,phytoplankton,14.3,8.4,7.5,7,7.2,10.5,10.3,8.8,6,7.2,3.8,na,8.6,0.3
Garc√≠a-Seoane et al. 2022,Marine/Freshwater,Lab culture,Non-vascular,Microalgae,Phytoplankton,Cyanobacteria,Cyanophyceae,Arthrospira platensis,phytoplankton,1,2.4,-1.3,3.9,-1.5,-1.7,2.5,1.3,-3.5,0.3,-5.7,na,3.3,-1.6
Garc√≠a-Seoane et al. 2022,Marine/Freshwater,Lab culture,Non-vascular,Microalgae,Phytoplankton,Cyanobacteria,Cyanophyceae,Arthrospira platensis,phytoplankton,4.6,-1.5,-2.7,na,-3.1,0.7,1.1,-2.9,-4.9,-2.1,-7.7,na,-2.1,-0.6
Garc√≠a-Seoane et al. 2022,Marine/Freshwater,Lab culture,Non-vascular,Microalgae,Phytoplankton,Cyanobacteria,Cyanophyceae,Arthrospira platensis,phytoplankton,4.2,1.3,-0.1,-3.1,0.4,-8.8,3.1,3.4,-10.9,0.4,-1.8,na,2.9,-0.5
Garc√≠a-Seoane et al. 2022,Marine/Freshwater,Lab culture,Non-vascular,Microalgae,Phytoplankton,Cyanobacteria,Cyanophyceae,Arthrospira platensis,phytoplankton,4.8,0.7,-0.5,-3.6,-1.6,-0.9,2.9,2.5,-7.4,-0.6,-4.2,na,4.6,0.1
Maeda et al. 2012,Marine,Natural,Non-vascular,Microalgae,Phytoplankton,DinoÔ¨Çagellates,Dinophyceae,Symbiodinium spp.,phytoplankton,na,na,8.2,na,na,na,na,na,,5.3,na,na,na,2.9
McCarthy et al. 2013,Marine,Lab culture,Non-vascular,Microalgae,Phytoplankton,DinoÔ¨Çagellates,Dinophyceae,Amphidinium carterae,phytoplankton,-19.2,-19,-17.3,-21,-21.1,-25.2,-20.6,-17.7,-24.6,-21.1,-25.5,na,-14.8,3.8
D√©cima et al. 2017,Marine,Lab culture,Non-vascular,Microalgae,Phytoplankton,DinoÔ¨Çagellates,Dinophyceae,Heterocapsa triquetra,phytoplankton,2.9,na,7.1,na,na,na,na,na,,2.4,na,na,na,4.7
D√©cima et al. 2017,Marine,Lab culture,Non-vascular,Microalgae,Phytoplankton,DinoÔ¨Çagellates,Dinophyceae,Heterocapsa triquetra,phytoplankton,4.4,na,7.2,na,na,na,na,na,,2.9,na,na,na,4.3
Fujii et al. 2020,Marine,Natural,Non-vascular,Microalgae,Phytoplankton,DinoÔ¨Çagellates,Dinophyceae,Symbiodinium sp.,phytoplankton,na,na,11,na,na,na,na,na,,5.7,na,na,na,5.3
Wall et al. 2021,Marine,Natural,Non-vascular,Microalgae,Phytoplankton,DinoÔ¨Çagellates,Dinophyceae,Symbiodiniaceae,phytoplankton,5.4,5.4,5.8,5.9,2.8,4.1,6,4,2.9,2,3.7,na,1,3.8
McCarthy et al. 2007,Marine,Natural,Non-vascular,Microalgae,Phytoplankton,Diatoms,Bacillariophyceae,Rhizosolenia sp.,phytoplankton,6.3,5.4,5.7,5.6,4.3,2.6,10.6,-3.5,,2.6,0.6,na,1.5,3.1
McCarthy et al. 2013,Marine,Lab culture,Non-vascular,Microalgae,Phytoplankton,Diatoms,Bacillariophyceae,Thalassiosira pseudonana,phytoplankton,-12.6,-13,-11.2,-17.1,-15.8,-9,-12.6,-15.2,,-12.1,-18.3,na,-13.4,0.9
McCarthy et al. 2013,Marine,Lab culture,Non-vascular,Microalgae,Phytoplankton,Diatoms,Bacillariophyceae,Pseudo-nitzchia multiseries,phytoplankton,-14.5,-16,-17.4,-18.9,-16.3,-12.7,-19.5,-12.1,,-11,-12,na,-15.5,-6.4
McCarthy et al. 2013,Marine,Lab culture,Non-vascular,Microalgae,Phytoplankton,Diatoms,Bacillariophyceae,Skeletonema marinoi,phytoplankton,-16.1,-13,-11.8,-16.4,-17.9,-15.1,-12.6,-16.4,-20.5,-13.8,-20.5,na,-12.1,2
D√©cima et al. 2017,Marine,Lab culture,Non-vascular,Microalgae,Phytoplankton,Diatoms,Bacillariophyceae,Thalassiosira weissÔ¨Çogii,phytoplankton,8.6,na,5.6,na,na,na,na,na,,3.6,na,na,na,2
Hirahara et al. 2015,Marine,Lab culture,Non-vascular,Microalgae,Phytoplankton,Diatoms,Bacillariophyceae,Thalassiosira weissÔ¨Çogii,phytoplankton,na,na,0.3,na,na,na,na,na,,-3.7,na,na,na,4
McCarthy et al. 2013,Marine,Lab culture,Non-vascular,Microalgae,Phytoplankton,Raphidophytes,Raphidophyceae,not specified,phytoplankton,5,2.9,4.1,1.1,-3.2,2.5,5.4,-6.3,-1.5,2,1.9,na,0.9,2.1
"McClelland & Montoya, 2002",Marine,Lab culture,Non-vascular,Microalgae,Phytoplankton,Green microalgae,Chlorodendrophyceae,Tetraselmis suecica,phytoplankton,0.5,-0.5,-0.4,-0.8,-0.4,0.1,1.8,-4.7,-1.1,-5.3,-7.8,na,-2.4,4.9
"McClelland & Montoya, 2002",Marine,Lab culture,Non-vascular,Microalgae,Phytoplankton,Green microalgae,Chlorodendrophyceae,Tetraselmis suecica,phytoplankton,-1.6,-0.6,-0.1,-1.3,-1.5,-0.4,1,-4.4,-1.8,-4.3,-7.8,na,-2.3,4.2
Chikaraishi et al. 2009,Marine,Natural,Non-vascular,Microalgae,Phytoplankton,Green microalgae,Raphidophyceae and Chlorophyceae,"Chlorella sp. Raphidonema nivale, and Chloromonas sp.",phytoplankton,13,na,13,13.2,na,12.2,14.4,4.3,,10.1,0.7,na,na,2.9
Chikaraishi et al. 2009,Marine,Lab culture,Non-vascular,Microalgae,Phytoplankton,Green microalgae,Trebouxiophyceae,Chlorella sp.,phytoplankton,-3.9,na,-5.4,-3.9,-6.5,-5.6,-2.8,-5.5,,-7.3,-9.1,na,na,1.9
Chikaraishi et al. 2009,Marine,Lab culture,Non-vascular,Microalgae,Phytoplankton,Green microalgae,Trebouxiophyceae,Chlorella sp.,phytoplankton,-4.2,na,-4.9,-3.8,-6.6,-4.5,-2.8,-4.8,,-7.4,-9.8,na,na,2.5
Chikaraishi et al. 2009,Marine,Lab culture,Non-vascular,Microalgae,Phytoplankton,Green microalgae,Chlorophyceae,Dunaliella sp.,phytoplankton,2.9,na,4.6,3.8,5.9,5.5,5.8,-8.6,,0.1,-4.4,na,na,4.5
Chikaraishi et al. 2009,Marine,Lab culture,Non-vascular,Microalgae,Phytoplankton,Green microalgae,Chlorophyceae,Dunaliella sp.,phytoplankton,6,na,5.1,4.2,5.5,7.5,7.3,5.4,,1.5,-4.8,na,na,3.6
Chikaraishi et al. 2010,Freshwater,Natural,Non-vascular,Microalgae,Phytoplankton,Green microalgae,Chlorophyceae,Volvox sp. Eudorina sp. Chlamydomonas sp.,phytoplankton,na,na,5.5,na,na,na,na,na,,2,na,na,na,3.5
D√©cima et al. 2017,Marine,Lab culture,Non-vascular,Microalgae,Phytoplankton,Green microalgae,Chlorophyceae,Dunaliella tertiolecta,phytoplankton,1.1,na,9.4,na,na,na,na,na,,5.1,na,na,na,4.3
Downs et al. 2014,Marine,Lab culture,Non-vascular,Microalgae,Phytoplankton,Green microalgae,Trebouxiophyceae,Chlorella sp.,phytoplankton,na,na,na,na,na,na,na,na,,,na,na,na,#VALUE!
Guti√©rrez Rodr√≠guez et al. 2014,Marine,Lab culture,Non-vascular,Microalgae,Phytoplankton,Green microalgae,Chlorophyceae,Dunaliella tertiolecta,phytoplankton,-1.5,na,7.9,na,na,na,na,na,,3.9,na,na,na,4
Guti√©rrez Rodr√≠guez et al. 2014,Marine,Lab culture,Non-vascular,Microalgae,Phytoplankton,Green microalgae,Chlorophyceae,Dunaliella tertiolecta,phytoplankton,-4.1,na,5.8,na,na,na,na,na,,0.6,na,na,na,5.2
Lee et al. 2020,Marine,Lab culture,Non-vascular,Microalgae,Phytoplankton,Green microalgae,Chlorodendrophyceae,Tetraselmis suecica,phytoplankton,-2.4,na,-0.1,na,na,-0.6,-0.9,-8.8,,-5.3,-11.6,na,na,5.2
Lee et al. 2020,Marine,Lab culture,Non-vascular,Microalgae,Phytoplankton,Green microalgae,Trebouxiophyceae,Chlorella sp.,phytoplankton,-2.6,na,-2.4,na,na,-0.8,-1.4,-14.1,,-9.8,-15.4,na,na,7.4
Besser et al. 2022,Freshwater,Natural,Non-vascular,Microalgae,Phytoplankton,Green microalgae,not specified,not specified,phytoplankton,na,na,8.7,na,na,10.3,na,na,7.6,3.5,na,na,10.6,5.2
Lee et al. 2020,Marine,Lab culture,Non-vascular,Microalgae,Phytoplankton,Microalgae,Eustigmatophyceae,Nannochloropsis oculata,phytoplankton,-5,na,-1.9,na,na,-1.9,-3.3,-17.7,,-7.2,-17,na,na,5.3
Lee et al. 2020,Marine,Lab culture,Non-vascular,Microalgae,Phytoplankton,Microalgae,Coccolithophyceae,Isochrysis galbana,phytoplankton,-7.7,na,-5.3,na,na,-7.2,-4,-14.8,,-9.6,-13.7,na,na,4.3
Nakatomi et al. 2013,Marine,Lab culture,Non-vascular,Microalgae,Phytoplankton,Microalgae,Coccolithophyceae,Isochrysis galbana,phytoplankton,na,na,-1.4,na,na,na,na,na,,-2.7,na,na,na,1.3
Ohkouchi et al. 2015,Freshwater,Natural,Non-vascular,Microalgae,Phytoplankton,Microalgae,not specified,not specified,phytoplankton,na,na,4.4,na,na,na,na,na,,1,na,na,na,3.4
"Fogel & Tuross, 1999",Freshwater,Natural,Vascular,Vascular_plant,Aquatic plants,Macrophytes,Magnoliopsida,Nuphar sp.,C3_terrestrial_plant,na,1.2,4.4,na,1.3,3.5,5.7,-14.9,6.6,8.7,na,na,na,-4.3
Zhang et al. 2019,Freshwater,Natural,Vascular,Vascular_plant,Aquatic plants,Macrophytes,not specified,not specified,C3_terrestrial_plant,na,na,6.1,na,na,na,na,na,,14.5,na,na,na,-8.4
Zhang et al. 2019,Freshwater,Natural,Vascular,Vascular_plant,Aquatic plants,Macrophytes,not specified,not specified,C3_terrestrial_plant,na,na,10.4,na,na,na,na,na,,17.6,na,na,na,-7.2
Zhang et al. 2021,Freshwater,Natural,Vascular,Vascular_plant,Aquatic plants,Macrophytes,not specified,not specified,C3_terrestrial_plant,na,na,8.3,na,na,na,na,na,,16.1,na,na,na,-7.8
Garc√≠a-Seoane et al. 2022,Marine,Natural,Vascular,Vascular_plant,Aquatic plants,Salt marsh plants,Magnoliopsida,Halimione portulacoides,C3_terrestrial_plant,12.6,na,11.7,na,5.4,15.8,na,3.7,5.6,,na,na,na,11.7
Garc√≠a-Seoane et al. 2022,Marine,Natural,Vascular,Vascular_plant,Aquatic plants,Salt marsh plants,Magnoliopsida,Halimione portulacoides,C3_terrestrial_plant,12.1,na,15,na,7,17.9,na,4.9,7.6,,na,na,na,15
Garc√≠a-Seoane et al. 2022,Marine,Natural,Vascular,Vascular_plant,Aquatic plants,Salt marsh plants,Liliopsida,Triglochin maritimum,C3_terrestrial_plant,14.7,12.3,11.8,9.2,7.2,15.1,11.1,8.2,11.4,17.3,5.4,na,9.3,-5.5
Garc√≠a-Seoane et al. 2022,Marine,Natural,Vascular,Vascular_plant,Aquatic plants,Salt marsh plants,Liliopsida,Triglochin maritimum,C3_terrestrial_plant,12.4,13.6,14.2,9.7,7.7,14.3,12.7,3,11.6,17.9,4.5,9.9,10.3,-3.7
Choi et al. 2017,Marine,Natural,Vascular,Vascular_plant,Aquatic plants,Seagrasses,Liliopsida,Zostera marina,C3_terrestrial_plant,na,na,1.6,na,na,na,na,na,,9.5,na,na,na,-7.9
Vander Zanden et al. 2013,Marine,Natural,Vascular,Vascular_plant,Aquatic plants,Seagrasses,Magnoliopsida,Thalassia testudinum,C3_terrestrial_plant,na,3.9,2.6,na,-0.1,na,na,-5.1,-0.9,9.2,-3.8,na,na,-6.6
Vander Zanden et al. 2013,Marine,Natural,Vascular,Vascular_plant,Aquatic plants,Seagrasses,Magnoliopsida,Thalassia testudinum,C3_terrestrial_plant,3.8,4.7,4.7,0.3,1.5,na,6.4,-2.9,,13,-3.6,na,-0.8,-8.3
Vander Zanden et al. 2013,Marine,Natural,Vascular,Vascular_plant,Aquatic plants,Seagrasses,Magnoliopsida,Thalassia testudinum,C3_terrestrial_plant,5.7,6.5,4.7,5.2,3.2,na,7.3,-1.5,3,13.4,0.3,na,4.6,-8.7
Vander Zanden et al. 2013,Marine,Natural,Vascular,Vascular_plant,Aquatic plants,Seagrasses,Magnoliopsida,Thalassia testudinum,C3_terrestrial_plant,na,6.2,5.5,na,3.3,na,na,na,,12.9,-1.2,na,3.5,-7.4
Vander Zanden et al. 2013,Marine,Natural,Vascular,Vascular_plant,Aquatic plants,Seagrasses,Magnoliopsida,Thalassia testudinum,C3_terrestrial_plant,4.3,4.9,4,2.3,2.5,na,5.2,-0.3,3,12.7,-2.1,na,2.6,-8.7
Garc√≠a-Seoane et al. 2022,Marine,Natural,Vascular,Vascular_plant,Aquatic plants,Seagrasses,Liliopsida,Zostera marina,C3_terrestrial_plant,7.1,8.5,9.4,4.9,4.5,12.1,8.4,1.3,5.9,18.1,-3.3,7.6,9.5,-8.7
Garc√≠a-Seoane et al. 2022,Marine,Natural,Vascular,Vascular_plant,Aquatic plants,Seagrasses,Liliopsida,Zostera marina,C3_terrestrial_plant,7.7,8.5,8.1,na,5,11.6,5.1,1.8,2,15.5,3.6,na,5.8,-7.4
Garc√≠a-Seoane et al. 2022,Marine,Natural,Vascular,Vascular_plant,Aquatic plants,Seagrasses,Liliopsida,Zostera noltei,C3_terrestrial_plant,7.9,8.1,11.5,4.1,5.4,12.2,10.1,3.3,5.8,,2.2,na,8.4,11.5
Garc√≠a-Seoane et al. 2022,Marine,Natural,Vascular,Vascular_plant,Aquatic plants,Seagrasses,Liliopsida,Zostera noltei,C3_terrestrial_plant,8.7,9.3,10.3,3.9,3.9,13,9,3.3,6.2,,3.7,na,7,10.3
Smallwood et al. 2003,Marine,Natural,Vascular,Vascular_plant,Aquatic plants,Mangroves,Magnoliopsida,Rhizophora mangle,C3_terrestrial_plant,na,-1.1,-1.5,-2.6,-3.3,2,-5.8,na,,9.4,na,na,na,-10.9
Smallwood et al. 2003,Marine,Natural,Vascular,Vascular_plant,Aquatic plants,Mangroves,Magnoliopsida,Rhizophora mangle,C3_terrestrial_plant,na,-5.1,-3.3,-9.3,-9.7,-3.8,-2.3,na,,4.3,na,na,na,-7.6
Bol et al. 2002,Terrestrial,Experimental culture,Vascular,Vascular_plant,Terrestrial plants,C3 plants,Liliopsida,Lolium perenne,C3_terrestrial_plant,0.7,na,1.2,8.6,-2.9,2.8,-0.6,-4.5,-1.2,2,-5.4,na,-2.8,-0.8
Bol et al. 2002,Terrestrial,Experimental culture,Vascular,Vascular_plant,Terrestrial plants,C3 plants,Liliopsida,Lolium perenne,C3_terrestrial_plant,-2.5,-1.6,-1.7,8,-5.4,na,-1.7,-8,-4.7,5.8,-8.7,na,-6.4,-7.5
Bol et al. 2002,Terrestrial,Experimental culture,Vascular,Vascular_plant,Terrestrial plants,C3 plants,Liliopsida,Juncus effusus,C3_terrestrial_plant,2,1.8,2.8,4,-0.8,3.3,-0.4,-4,-1.5,8,-4,na,-1.2,-5.2
Bol et al. 2002,Terrestrial,Experimental culture,Vascular,Vascular_plant,Terrestrial plants,C3 plants,Liliopsida,Juncus effusus,C3_terrestrial_plant,4,1.4,-1.3,5.8,-0.8,2.4,na,-0.5,0.6,-12.6,-5,na,-2.4,11.3
Bol et al. 2002,Terrestrial,Experimental culture,Vascular,Vascular_plant,Terrestrial plants,C3 plants,Bryopsida,Brachythecium rutabulum,C3_terrestrial_plant,-1.6,-1.2,-1,8,-3.3,3,-1.3,-10,-1.5,-1.5,-9.3,na,-5.9,0.5
Bontempo et al. 2020,Terrestrial,Experimental culture,Vascular,Vascular_plant,Terrestrial plants,C3 plants,Magnoliopsida,Solanum lycopersicum,C3_terrestrial_plant,2.3,na,4.6,-0.9,-4.5,4.6,3.8,6.2,,5.9,na,na,2.9,-1.3
Bontempo et al. 2020,Terrestrial,Experimental culture,Vascular,Vascular_plant,Terrestrial plants,C3 plants,Magnoliopsida,Solanum lycopersicum,C3_terrestrial_plant,2.7,na,4.9,-0.2,-1.9,9.5,3.3,4.1,,7.9,na,na,2.5,-3
Bontempo et al. 2020,Terrestrial,Experimental culture,Vascular,Vascular_plant,Terrestrial plants,C3 plants,Magnoliopsida,Solanum lycopersicum,C3_terrestrial_plant,-2.2,na,1.4,-4.8,-6.9,5.7,-1.6,1.9,,4,na,na,-3,-2.6
Bontempo et al. 2020,Terrestrial,Experimental culture,Vascular,Vascular_plant,Terrestrial plants,C3 plants,Magnoliopsida,Solanum lycopersicum,C3_terrestrial_plant,-1.3,na,3.2,-3.8,-4.4,3.5,-0.3,2.2,,6.3,na,na,-1.9,-3.1
Bontempo et al. 2020,Terrestrial,Experimental culture,Vascular,Vascular_plant,Terrestrial plants,C3 plants,Magnoliopsida,Solanum lycopersicum,C3_terrestrial_plant,-0.5,na,2,-2.3,-3.9,2.4,0.3,1.9,,5.1,na,na,-1.4,-3.1
Bontempo et al. 2020,Terrestrial,Experimental culture,Vascular,Vascular_plant,Terrestrial plants,C3 plants,Magnoliopsida,Solanum lycopersicum,C3_terrestrial_plant,6.9,na,10.5,6.3,5.8,13,8.1,8.8,,12.1,na,na,11.1,-1.6
Bontempo et al. 2020,Terrestrial,Experimental culture,Vascular,Vascular_plant,Terrestrial plants,C3 plants,Magnoliopsida,Solanum lycopersicum,C3_terrestrial_plant,6.1,na,9.7,4.5,3.9,8.6,6.1,8.7,,13.1,na,na,4.5,-3.4
Bontempo et al. 2020,Terrestrial,Experimental culture,Vascular,Vascular_plant,Terrestrial plants,C3 plants,Magnoliopsida,Solanum lycopersicum,C3_terrestrial_plant,8.2,na,11.6,7.3,7.1,12.1,8.9,8.3,,14.7,na,na,6.1,-3.1
Bontempo et al. 2020,Terrestrial,Experimental culture,Vascular,Vascular_plant,Terrestrial plants,C3 plants,Magnoliopsida,Solanum lycopersicum,C3_terrestrial_plant,-1.2,na,1.1,-4.9,-4.4,2.8,-1.6,0.5,,4.8,na,na,-6.6,-3.7
Bontempo et al. 2020,Terrestrial,Experimental culture,Vascular,Vascular_plant,Terrestrial plants,C3 plants,Magnoliopsida,Solanum lycopersicum,C3_terrestrial_plant,0,na,2.9,-3.8,-3.2,3.5,0.1,2.6,,4.3,na,na,-0.8,-1.4
Bontempo et al. 2020,Terrestrial,Experimental culture,Vascular,Vascular_plant,Terrestrial plants,C3 plants,Magnoliopsida,Solanum lycopersicum,C3_terrestrial_plant,-2.2,na,2.6,-3.6,-3.1,1.5,-0.9,0.2,,4.8,na,na,-6.2,-2.2
Bontempo et al. 2020,Terrestrial,Experimental culture,Vascular,Vascular_plant,Terrestrial plants,C3 plants,Magnoliopsida,Solanum lycopersicum,C3_terrestrial_plant,-1.4,na,2.9,-2.3,-2.2,5.7,0.5,-0.2,,4.6,na,na,-2.1,-1.7
Bontempo et al. 2020,Terrestrial,Experimental culture,Vascular,Vascular_plant,Terrestrial plants,C3 plants,Magnoliopsida,Solanum lycopersicum,C3_terrestrial_plant,-0.4,na,3.3,-2,-1.5,6.2,-0.6,1.8,,4.7,na,na,1,-1.4
Chikaraishi et al. 2011,Terrestrial,Natural,Vascular,Vascular_plant,Terrestrial plants,C3 plants,Magnoliopsida,Brassica oleracea,C3_terrestrial_plant,1.7,na,2.6,3.4,0.7,4.6,3.7,-7,,9.8,2.1,na,na,-7.2
Chikaraishi et al. 2011,Terrestrial,Natural,Vascular,Vascular_plant,Terrestrial plants,C3 plants,Magnoliopsida,Brassica oleracea,C3_terrestrial_plant,4.3,na,3.4,-0.8,-1.2,6.3,3.4,-8,,11.7,-5.5,na,na,-8.3
Chikaraishi et al. 2011,Terrestrial,Natural,Vascular,Vascular_plant,Terrestrial plants,C3 plants,Magnoliopsida,Daucus carota,C3_terrestrial_plant,8.3,na,8.2,7.3,4.6,7.2,8,-2.2,,15.7,na,na,na,-7.5
Chikaraishi et al. 2011,Terrestrial,Natural,Vascular,Vascular_plant,Terrestrial plants,C3 plants,Magnoliopsida,Castanea crenata,C3_terrestrial_plant,0.7,na,2.9,-0.7,-2.4,6.2,0.2,-9.8,,8.8,na,na,na,-5.9
Chikaraishi et al. 2011,Terrestrial,Natural,Vascular,Vascular_plant,Terrestrial plants,C3 plants,Magnoliopsida,Citrus unshiu,C3_terrestrial_plant,6.4,na,2.8,3,3.1,8.9,4.7,-6.8,,12.4,-0.6,na,na,-9.6
Chikaraishi et al. 2011,Terrestrial,Natural,Vascular,Vascular_plant,Terrestrial plants,C3 plants,Magnoliopsida,Raphanus sativus,C3_terrestrial_plant,-3.6,na,-2.6,-4.3,-3.8,3.3,-2.9,-8.4,,5.9,-4.9,na,na,-8.5
Chikaraishi et al. 2011,Terrestrial,Natural,Vascular,Vascular_plant,Terrestrial plants,C3 plants,Magnoliopsida,Solanum lycopersicum,C3_terrestrial_plant,6.2,na,2,1.3,2.9,8.6,2,-3.6,,10.3,-4,na,na,-8.3
Chikaraishi et al. 2011,Terrestrial,Natural,Vascular,Vascular_plant,Terrestrial plants,C3 plants,Magnoliopsida,Solanum melongena,C3_terrestrial_plant,5.6,na,7.2,-0.2,1.3,15.1,6.8,-4.6,,17,5.1,na,na,-9.8
Chikaraishi et al. 2011,Terrestrial,Natural,Vascular,Vascular_plant,Terrestrial plants,C3 plants,Magnoliopsida,Solanum tuberosum,C3_terrestrial_plant,-2.4,na,-6.3,-3.5,-5.7,-2,-2,-12.1,,4.1,na,na,na,-10.4
Chikaraishi et al. 2010,Terrestrial,Natural,Vascular,Vascular_plant,Terrestrial plants,C3 plants,Magnoliopsida,Acer argutum,C3_terrestrial_plant,-2.1,na,1,na,2.6,5,-2.2,-12.9,,6.2,-7.7,na,na,-5.2
Chikaraishi et al. 2010,Terrestrial,Natural,Vascular,Vascular_plant,Terrestrial plants,C3 plants,Magnoliopsida,Acer argutum,C3_terrestrial_plant,-1.7,na,-0.5,-6.6,-5.1,5.4,-4.9,-13.4,,8.5,-9.4,-11.7,na,-9
Chikaraishi et al. 2010,Terrestrial,Natural,Vascular,Vascular_plant,Terrestrial plants,C3 plants,Magnoliopsida,Acer carpinifolium,C3_terrestrial_plant,0,na,0.8,-4.4,-2.1,3,-1.2,-12.4,,8.6,-4.5,-11.6,na,-7.8
Chikaraishi et al. 2010,Terrestrial,Natural,Vascular,Vascular_plant,Terrestrial plants,C3 plants,Magnoliopsida,Acer carpinifolium,C3_terrestrial_plant,-3.4,na,-0.6,na,-6.4,5.8,na,-12.6,,7.3,-12.4,-12.3,na,-7.9
Chikaraishi et al. 2010,Terrestrial,Natural,Vascular,Vascular_plant,Terrestrial plants,C3 plants,Magnoliopsida,Artemisia princeps,C3_terrestrial_plant,5.9,na,8.7,3.2,0.1,10.2,6.9,-4.1,,18.7,-5.5,-3.7,na,-10
Chikaraishi et al. 2010,Terrestrial,Natural,Vascular,Vascular_plant,Terrestrial plants,C3 plants,Magnoliopsida,Benthamidia japonica,C3_terrestrial_plant,-0.7,na,1.2,-3.8,-2.4,1.5,-0.7,-10.8,,9,-4.7,-12,na,-7.8
Chikaraishi et al. 2010,Terrestrial,Natural,Vascular,Vascular_plant,Terrestrial plants,C3 plants,Magnoliopsida,Benthamidia japonica,C3_terrestrial_plant,-0.4,na,-0.4,0.3,-0.9,4.9,-0.6,-16.2,,9.5,-10,na,na,-9.9
Chikaraishi et al. 2010,Terrestrial,Natural,Vascular,Vascular_plant,Terrestrial plants,C3 plants,Magnoliopsida,Brassica oleracea,C3_terrestrial_plant,0.2,na,5.7,3.9,3.8,9.5,5.1,-6.7,,13.1,1,0.8,na,-7.4
Chikaraishi et al. 2010,Terrestrial,Natural,Vascular,Vascular_plant,Terrestrial plants,C3 plants,Magnoliopsida,Castanea crenata,C3_terrestrial_plant,-2.1,na,1.5,1.6,0.5,4.6,-0.3,-12.7,,10.1,-4.2,na,na,-8.6
Chikaraishi et al. 2010,Terrestrial,Natural,Vascular,Vascular_plant,Terrestrial plants,C3 plants,Magnoliopsida,Castanea crenata,C3_terrestrial_plant,na,na,0.8,na,0.1,2.9,na,-14.8,,8.3,-7.2,na,na,-7.5
Chikaraishi et al. 2010,Terrestrial,Natural,Vascular,Vascular_plant,Terrestrial plants,C3 plants,Liliopsida,Oryza sativa,C3_terrestrial_plant,-10.7,na,-9.9,-11.9,-11.1,-1.7,na,-9.6,,-1,-5.6,na,na,-8.9
Chikaraishi et al. 2010,Terrestrial,Natural,Vascular,Vascular_plant,Terrestrial plants,C3 plants,Magnoliopsida,Plantago asiatica,C3_terrestrial_plant,5.2,na,2.6,0,-2.2,1.9,2,-10.3,,11.1,-8.7,-7.3,na,-8.5
Chikaraishi et al. 2010,Terrestrial,Natural,Vascular,Vascular_plant,Terrestrial plants,C3 plants,Magnoliopsida,Prunus jamasakura,C3_terrestrial_plant,7.9,na,9.1,7.3,5.1,12,8.1,-2.4,,16.3,-4.4,-10.3,na,-7.2
Chikaraishi et al. 2010,Terrestrial,Natural,Vascular,Vascular_plant,Terrestrial plants,C3 plants,Magnoliopsida,Quercus acutissima,C3_terrestrial_plant,5,na,4.5,2,0.4,8.4,4.4,1.8,,14,-2.2,na,na,-9.5
Chikaraishi et al. 2010,Terrestrial,Natural,Vascular,Vascular_plant,Terrestrial plants,C3 plants,Magnoliopsida,Quercus dentata,C3_terrestrial_plant,-3,na,-2.5,-5.9,-7.5,0.1,-1.8,-8,,4.9,-9.2,na,na,-7.4
Chikaraishi et al. 2010,Terrestrial,Natural,Vascular,Vascular_plant,Terrestrial plants,C3 plants,Magnoliopsida,Quercus mongolica,C3_terrestrial_plant,na,na,9.7,0.4,4.6,11.2,na,-2.1,,17,1.2,-0.3,na,-7.3
Chikaraishi et al. 2010,Terrestrial,Natural,Vascular,Vascular_plant,Terrestrial plants,C3 plants,Magnoliopsida,Taraxacum officinale,C3_terrestrial_plant,2.6,na,1.4,-1.3,-4.9,12.1,2.6,-6.3,,13.5,-8.5,-5.1,na,-12.1
Chikaraishi et al. 2014,Terrestrial,Natural,Vascular,Vascular_plant,Terrestrial plants,C3 plants,Magnoliopsida,Castanea crenata,C3_terrestrial_plant,0.7,na,2.9,-0.7,-2.4,6.2,0.2,-9.8,,8.8,na,na,na,-5.9
Chikaraishi et al. 2014,Terrestrial,Natural,Vascular,Vascular_plant,Terrestrial plants,C3 plants,Magnoliopsida,Cucurbita moschata,C3_terrestrial_plant,3.9,na,2.1,0.1,-0.6,1,1,-8.6,,10.1,-14.5,na,na,-8
Chikaraishi et al. 2014,Terrestrial,Natural,Vascular,Vascular_plant,Terrestrial plants,C3 plants,Magnoliopsida,Diospyros kaki,C3_terrestrial_plant,-1.2,na,1,0,-2.2,0,-1.2,-4.4,,8.8,-3.3,na,na,-7.8
Chikaraishi et al. 2014,Terrestrial,Natural,Vascular,Vascular_plant,Terrestrial plants,C3 plants,Magnoliopsida,Prunus avium,C3_terrestrial_plant,1.9,na,3.2,1.2,2.1,2.9,2.9,-2.9,,11.6,-4.3,na,na,-8.4
Chikaraishi et al. 2015,Terrestrial,Natural,Vascular,Vascular_plant,Terrestrial plants,C3 plants,Liliopsida,Oryza sativa,C3_terrestrial_plant,4.7,na,2.8,0.7,2.4,na,3.8,-0.1,,10.1,na,-3.7,na,-7.3
Chung et al. 2019,Terrestrial,Experimental culture,Vascular,Vascular_plant,Terrestrial plants,C3 plants,Liliopsida,Oryza sativa,C3_terrestrial_plant,7,8.3,5.2,6.2,3.3,8.3,8.6,4.1,,9.2,2,2.8,7.7,-4
Chung et al. 2019,Terrestrial,Experimental culture,Vascular,Vascular_plant,Terrestrial plants,C3 plants,Liliopsida,Oryza sativa,C3_terrestrial_plant,6.7,8.1,4.9,6.1,3.3,8,8.2,3.8,,8.8,1.5,3.7,8.4,-3.9
Chung et al. 2019,Terrestrial,Experimental culture,Vascular,Vascular_plant,Terrestrial plants,C3 plants,Liliopsida,Oryza sativa,C3_terrestrial_plant,6.8,6.5,2.9,3.6,1.5,5.5,6.5,0.6,,7.6,-1.4,0.7,5.7,-4.7
Hare et al. 1991,Terrestrial,Experimental culture,Vascular,Vascular_plant,Terrestrial plants,C3 plants,Liliopsida and Magnoliopsida,"Hordeum vulgare, Glycine max, and Medicago sativa",C3_terrestrial_plant,2.8,4,2.5,na,na,3.7,na,0.4,,,-1.6,na,-1.3,2.5
Ishikawa et al. 2014,Terrestrial,Natural,Vascular,Vascular_plant,Terrestrial plants,C3 plants,Magnoliopsida,Ericaceae and Fagaceae,C3_terrestrial_plant,na,na,1.1,na,na,na,na,na,,11.5,na,na,na,-10.4
Ishikawa et al. 2014,Terrestrial,Natural,Vascular,Vascular_plant,Terrestrial plants,C3 plants,Magnoliopsida,Ericaceae and Fagaceae,C3_terrestrial_plant,na,na,1.6,na,na,na,na,na,,11.2,na,na,na,-9.6
Ishikawa et al. 2014,Terrestrial,Natural,Vascular,Vascular_plant,Terrestrial plants,C3 plants,Magnoliopsida,Ericaceae and Fagaceae,C3_terrestrial_plant,na,na,1.9,na,na,na,na,na,,14.1,na,na,na,-12.2
Ishikawa et al. 2014,Terrestrial,Natural,Vascular,Vascular_plant,Terrestrial plants,C3 plants,Magnoliopsida,Ericaceae and Fagaceae,C3_terrestrial_plant,na,na,2.6,na,na,na,na,na,,11.1,na,na,na,-8.5
Ishikawa et al. 2014,Terrestrial,Natural,Vascular,Vascular_plant,Terrestrial plants,C3 plants,Magnoliopsida,Ericaceae and Fagaceae,C3_terrestrial_plant,na,na,-0.9,na,na,na,na,na,,10.8,na,na,na,-11.7
Ishikawa et al. 2014,Terrestrial,Natural,Vascular,Vascular_plant,Terrestrial plants,C3 plants,Magnoliopsida,Ericaceae and Fagaceae,C3_terrestrial_plant,na,na,-1.2,na,na,na,na,na,,10.2,na,na,na,-11.4
Ishikawa et al. 2014,Terrestrial,Natural,Vascular,Vascular_plant,Terrestrial plants,C3 plants,Magnoliopsida,Ericaceae and Fagaceae,C3_terrestrial_plant,na,na,-3,na,na,na,na,na,,8.3,na,na,na,-11.3
Kendall et al. 2017,Terrestrial,Natural,Vascular,Vascular_plant,Terrestrial plants,C3 plants,Liliopsida,Lolium perenne,C3_terrestrial_plant,5.3,7.5,6.8,5.4,2.9,6.8,6.8,-0.1,3.8,11.5,1.9,na,6.1,-4.7
Kendall et al. 2017,Terrestrial,Natural,Vascular,Vascular_plant,Terrestrial plants,C3 plants,Liliopsida,Lolium perenne,C3_terrestrial_plant,6.9,8.8,8.9,5.4,3.6,8.7,7.5,-0.4,4.9,13,0.2,na,5.1,-4.1
Kendall et al. 2017,Terrestrial,Natural,Vascular,Vascular_plant,Terrestrial plants,C3 plants,Liliopsida,Lolium perenne,C3_terrestrial_plant,4.2,6.1,4.7,2.4,1,5.5,5.5,-2.6,2.8,10.8,-2.5,na,2.8,-6.1
Kendall et al. 2017,Terrestrial,Natural,Vascular,Vascular_plant,Terrestrial plants,C3 plants,Liliopsida,Lolium perenne,C3_terrestrial_plant,4,6.2,4.9,3.5,1.1,4.7,5.6,-3.1,2.6,8.4,-1.5,na,3.3,-3.5
Kendall et al. 2017,Terrestrial,Natural,Vascular,Vascular_plant,Terrestrial plants,C3 plants,Liliopsida,Lolium perenne,C3_terrestrial_plant,8.8,11.1,9.6,10,6.7,11.1,10,2.8,6.4,13.8,2.7,na,7.2,-4.2
Kendall et al. 2017,Terrestrial,Natural,Vascular,Vascular_plant,Terrestrial plants,C3 plants,Liliopsida,Lolium perenne,C3_terrestrial_plant,5,7.2,6.2,4.8,2.6,5.8,6.1,-1.5,3.1,10.1,-0.4,na,4.6,-3.9
Kendall et al. 2017,Terrestrial,Natural,Vascular,Vascular_plant,Terrestrial plants,C3 plants,Liliopsida,Lolium perenne,C3_terrestrial_plant,5.8,7.6,6.9,5.6,3.1,6.6,6.9,-0.6,4.3,10.5,0,na,4.7,-3.6
Kendall et al. 2017,Terrestrial,Natural,Vascular,Vascular_plant,Terrestrial plants,C3 plants,Liliopsida,Lolium perenne,C3_terrestrial_plant,4.5,7.2,5.4,na,2.8,7,5.7,-2.2,2,11.4,-0.9,na,2.7,-6
Kendall et al. 2019,Terrestrial,Natural,Vascular,Vascular_plant,Terrestrial plants,C3 plants,Magnoliopsida,Aesculus hippocastanum,C3_terrestrial_plant,-2.1,-0.2,-1.4,-4.2,-3.6,0.4,-1.9,-10,-2.2,9,-10.1,na,-19.3,-10.4
Kendall et al. 2019,Terrestrial,Natural,Vascular,Vascular_plant,Terrestrial plants,C3 plants,Magnoliopsida,Corylus avellana,C3_terrestrial_plant,3.5,5.4,4,0.6,0.8,10.1,4.6,-12.3,2.6,15.5,-4.1,na,-1.6,-11.5
Kendall et al. 2019,Terrestrial,Natural,Vascular,Vascular_plant,Terrestrial plants,C3 plants,Magnoliopsida,Crataegus monogyna,C3_terrestrial_plant,-1.2,2.2,0.8,-2.7,-2.8,3.4,-0.2,-8.6,-2.4,9.9,-8.4,na,-6.6,-9.1
Kendall et al. 2019,Terrestrial,Natural,Vascular,Vascular_plant,Terrestrial plants,C3 plants,Magnoliopsida,Crataegus monogyna,C3_terrestrial_plant,3.7,6.7,4.7,2.8,0.5,6.6,5.8,-9,1.9,12.5,-4.9,na,-1.7,-7.8
Kendall et al. 2019,Terrestrial,Natural,Vascular,Vascular_plant,Terrestrial plants,C3 plants,Magnoliopsida,Fagus sylvatica,C3_terrestrial_plant,2.6,3.5,2.8,1.1,0.8,9.5,3.2,-13.5,2.3,13.5,-4.9,na,-9.4,-10.7
Kendall et al. 2019,Terrestrial,Natural,Vascular,Vascular_plant,Terrestrial plants,C3 plants,Magnoliopsida,Fraxinus excelsior,C3_terrestrial_plant,1.2,2.7,1.8,na,-1.1,4.9,3.4,-9.8,-0.9,11.9,-10.3,na,-9.3,-10.1
Kendall et al. 2019,Terrestrial,Natural,Vascular,Vascular_plant,Terrestrial plants,C3 plants,Magnoliopsida,Hedera helix,C3_terrestrial_plant,4.1,3.8,3.6,1.3,0.6,8.2,4.8,-8.2,2.6,11.7,-6.4,na,-5.4,-8.1
Kendall et al. 2019,Terrestrial,Natural,Vascular,Vascular_plant,Terrestrial plants,C3 plants,Magnoliopsida,Malus domestica,C3_terrestrial_plant,2.4,4.8,3.3,0.9,0.8,9.4,4.5,-8.2,2.4,14.1,-4.7,na,-6.1,-10.8
Kendall et al. 2019,Terrestrial,Natural,Vascular,Vascular_plant,Terrestrial plants,C3 plants,Magnoliopsida,Populus nigra,C3_terrestrial_plant,2.8,4.8,4.6,2.3,1.5,10.3,5.9,-12.4,1.3,13.8,-5.7,na,-6.6,-9.2
Kendall et al. 2019,Terrestrial,Natural,Vascular,Vascular_plant,Terrestrial plants,C3 plants,Magnoliopsida,Prunus spinosa,C3_terrestrial_plant,0.4,1.5,0.1,-1.6,-1.9,5.9,0.4,-12.2,-0.5,11.1,na,na,-9.4,-11
Kendall et al. 2019,Terrestrial,Natural,Vascular,Vascular_plant,Terrestrial plants,C3 plants,Magnoliopsida,Quercus robur,C3_terrestrial_plant,0.7,3.1,1.5,-2.9,-2.6,7.3,0.6,-5.9,-1.4,9.7,-7.1,na,-9.2,-8.2
Kendall et al. 2019,Terrestrial,Natural,Vascular,Vascular_plant,Terrestrial plants,C3 plants,Magnoliopsida,Rosa canina,C3_terrestrial_plant,4.4,5,4.4,1.9,1.2,10.1,4.4,-8.6,2.6,11.1,-3.3,na,2.4,-6.7
Kendall et al. 2019,Terrestrial,Natural,Vascular,Vascular_plant,Terrestrial plants,C3 plants,Magnoliopsida,Rosa canina,C3_terrestrial_plant,5.1,6.9,6.2,2,1.4,8.5,5.3,-7.8,4.5,10.9,-2.1,na,4.1,-4.7
Kendall et al. 2019,Terrestrial,Natural,Vascular,Vascular_plant,Terrestrial plants,C3 plants,Magnoliopsida,Rubus plicatus,C3_terrestrial_plant,4.1,4.8,4.1,1.2,1,5.1,3.8,-9.5,2.2,10.6,-2.3,na,-2,-6.5
Kendall et al. 2019,Terrestrial,Natural,Vascular,Vascular_plant,Terrestrial plants,C3 plants,Magnoliopsida,Salix alba,C3_terrestrial_plant,2.9,3.5,2.8,-0.2,1,6.6,5.1,-3.8,2,11.6,-6.2,na,-0.6,-8.8
Kendall et al. 2019,Terrestrial,Natural,Vascular,Vascular_plant,Terrestrial plants,C3 plants,Magnoliopsida,Salix alba,C3_terrestrial_plant,9.9,11.7,10.9,7,8.2,14.5,12,-10.9,9.1,20.6,3.3,na,5.4,-9.7
Kendall et al. 2019,Terrestrial,Natural,Vascular,Vascular_plant,Terrestrial plants,C3 plants,Magnoliopsida,Sambucus,C3_terrestrial_plant,2.4,2.9,2,-0.1,-1,1.1,1.4,-9.6,-1.9,14.2,-5.9,na,-1.3,-12.2
Kendall et al. 2019,Terrestrial,Natural,Vascular,Vascular_plant,Terrestrial plants,C3 plants,Magnoliopsida,Tilia platyphyllos,C3_terrestrial_plant,1.8,4.3,3.6,2.6,-0.9,7.2,4.3,-8.2,2.1,13.6,-3.5,na,-1.3,-10
Kendall et al. 2019,Terrestrial,Natural,Vascular,Vascular_plant,Terrestrial plants,C3 plants,Magnoliopsida,Ulmus minor,C3_terrestrial_plant,3.4,4.4,3.3,1.2,0.9,8.5,4,-4.9,1.5,11.8,-2.8,na,-3.8,-8.5
Kendall et al. 2019,Terrestrial,Experimental culture,Vascular,Vascular_plant,Terrestrial plants,C3 plants,Magnoliopsida,Carpinus betula,C3_terrestrial_plant,7.5,7.8,6.7,2.3,1.9,9.8,6.4,-7.3,4.1,16.6,-3.9,na,-0.4,-9.9
Kendall et al. 2019,Terrestrial,Experimental culture,Vascular,Vascular_plant,Terrestrial plants,C3 plants,Magnoliopsida,Corylus avellana,C3_terrestrial_plant,4.7,6.2,6.1,2.1,0.2,11.8,5.7,-4.5,2.2,14.1,-2.6,na,-4,-8
Kendall et al. 2019,Terrestrial,Experimental culture,Vascular,Vascular_plant,Terrestrial plants,C3 plants,Magnoliopsida,Fagus sylvatica,C3_terrestrial_plant,5.6,5.1,4.3,0.9,0.8,9.7,3.6,-4.3,2.7,12.1,-3,na,-5.2,-7.8
Kendall et al. 2019,Terrestrial,Experimental culture,Vascular,Vascular_plant,Terrestrial plants,C3 plants,Magnoliopsida,Fraxinus excelsior,C3_terrestrial_plant,9.1,10.6,9.7,5.2,6,13,8.6,-6.3,8.2,19.2,-1.5,na,0.6,-9.5
Kendall et al. 2019,Terrestrial,Experimental culture,Vascular,Vascular_plant,Terrestrial plants,C3 plants,Magnoliopsida,Gingko biloba,C3_terrestrial_plant,6.6,8.8,7.4,6.1,3.8,8.3,6.5,-7,4,16.9,-2.8,na,0.3,-9.5
Kendall et al. 2019,Terrestrial,Experimental culture,Vascular,Vascular_plant,Terrestrial plants,C3 plants,Magnoliopsida,Liriodendron tulipifera,C3_terrestrial_plant,4.3,6.1,5.2,1.3,1.5,5.8,5.2,-6.6,4.3,15.6,-4,na,-2.3,-10.4
Kendall et al. 2019,Terrestrial,Experimental culture,Vascular,Vascular_plant,Terrestrial plants,C3 plants,Magnoliopsida,Quercus robur,C3_terrestrial_plant,7.2,9.3,8.1,6.6,3.8,15.6,6.9,-7.5,6.8,17.7,-0.9,na,-3.8,-9.6
Kendall et al. 2019,Terrestrial,Experimental culture,Vascular,Vascular_plant,Terrestrial plants,C3 plants,Magnoliopsida,Tilia platyphyllos,C3_terrestrial_plant,4.6,5.8,7,2.5,2.6,12.5,5.8,-5.6,3.4,16.4,-4.4,na,-2.9,-9.4
Kendall et al. 2019,Terrestrial,Natural,Vascular,Vascular_plant,Terrestrial plants,C3 plants,Magnoliopsida,Dryopteris felix-mas,C3_terrestrial_plant,7.7,9.1,8.7,6.3,5.7,12.4,6,-2.9,4,14.7,-1.2,na,-1.8,-6
Kendall et al. 2019,Terrestrial,Natural,Vascular,Vascular_plant,Terrestrial plants,C3 plants,Magnoliopsida,Plantago major,C3_terrestrial_plant,5,5.9,6.1,1.6,1.4,5.4,4.4,-4.2,2.6,13.7,-3,na,3.9,-7.6
Kendall et al. 2019,Terrestrial,Natural,Vascular,Vascular_plant,Terrestrial plants,C3 plants,Magnoliopsida,Rumex obtusifolius,C3_terrestrial_plant,2.3,6.1,4.8,-0.1,-0.3,4.3,3.4,-2.9,1.4,12.4,-3.7,na,2.8,-7.6
Kendall et al. 2019,Terrestrial,Natural,Vascular,Vascular_plant,Terrestrial plants,C3 plants,Magnoliopsida,Taraxacum officinale,C3_terrestrial_plant,2.2,3.6,3.6,-0.5,-1.6,9.5,1.8,-7.2,0.5,10.1,-3,na,1.5,-6.5
Kendall et al. 2019,Terrestrial,Natural,Vascular,Vascular_plant,Terrestrial plants,C3 plants,Magnoliopsida,Trifolium repens,C3_terrestrial_plant,0.1,1.7,0.6,-2.4,-2.6,2.6,0.8,-7.2,-2.7,7.8,-7.6,na,-1.1,-7.2
Kendall et al. 2019,Terrestrial,Natural,Vascular,Vascular_plant,Terrestrial plants,C3 plants,Magnoliopsida,Urtica dioica,C3_terrestrial_plant,4.2,5.7,6,1.3,1.2,4.7,4.3,-3.7,1.4,8.7,-5.1,na,-1.2,-2.7
Kendall et al. 2019,Terrestrial,Experimental culture,Vascular,Vascular_plant,Terrestrial plants,C3 plants,Magnoliopsida,Amaranthus lividus,C3_terrestrial_plant,3.5,5.9,5.3,0.8,1.6,5.1,4.7,-1.8,2.1,11.5,-3.8,na,1.3,-6.2
Kendall et al. 2019,Terrestrial,Experimental culture,Vascular,Vascular_plant,Terrestrial plants,C3 plants,Magnoliopsida,Amaranthus lividus,C3_terrestrial_plant,5.4,7,6.7,3.4,3.4,6.8,7.2,-5.5,2.8,11.7,-5.8,na,-0.5,-5
Kendall et al. 2019,Terrestrial,Experimental culture,Vascular,Vascular_plant,Terrestrial plants,C3 plants,Magnoliopsida,Anagallis arvensis,C3_terrestrial_plant,3.3,5,3.1,1.4,1.4,5.1,3.4,-6.5,2.1,14.6,-5.7,na,1.7,-11.5
Kendall et al. 2019,Terrestrial,Experimental culture,Vascular,Vascular_plant,Terrestrial plants,C3 plants,Magnoliopsida,Cirsium arvense,C3_terrestrial_plant,3.5,4.1,4.2,0.8,0.3,7.1,3.4,-6.3,0.9,9.4,-2.7,na,2.9,-5.2
Kendall et al. 2019,Terrestrial,Experimental culture,Vascular,Vascular_plant,Terrestrial plants,C3 plants,Magnoliopsida,Cirsium arvense,C3_terrestrial_plant,4,5.1,5.8,1.4,1.5,7.8,4.7,-7.3,1,8.9,-2.9,na,3.3,-3.1
Kendall et al. 2019,Terrestrial,Experimental culture,Vascular,Vascular_plant,Terrestrial plants,C3 plants,Magnoliopsida,Lathyrus tuberosus,C3_terrestrial_plant,1.4,3.3,2.5,-2,-2.6,3.2,1.9,-3.3,,5.8,-6.8,na,-12.6,-3.3
Kendall et al. 2019,Terrestrial,Experimental culture,Vascular,Vascular_plant,Terrestrial plants,C3 plants,Liliopsida,Poa annua,C3_terrestrial_plant,4.1,6.1,5.5,1.5,0.9,4.8,4.1,-4.1,0.8,9.2,-3,na,3,-3.7
Kendall et al. 2019,Terrestrial,Experimental culture,Vascular,Vascular_plant,Terrestrial plants,C3 plants,Liliopsida,Poa annua,C3_terrestrial_plant,0.5,3.7,2.7,-0.8,-2.4,2,2.7,-7.4,-0.9,7.8,-6.3,na,0.4,-5.1
Kendall et al. 2019,Terrestrial,Experimental culture,Vascular,Vascular_plant,Terrestrial plants,C3 plants,Magnoliopsida,Polygonum aviculare,C3_terrestrial_plant,3,3.9,3.5,0.6,0.1,5.6,3.5,-10.5,0.7,13.4,-5.3,na,-0.7,-9.9
Kendall et al. 2019,Terrestrial,Experimental culture,Vascular,Vascular_plant,Terrestrial plants,C3 plants,Magnoliopsida,Solanum nigrum,C3_terrestrial_plant,1.4,3,1.9,-1.7,-1.6,7.7,1.8,-5.2,-0.7,7.2,-5,na,-2,-5.3
Kendall et al. 2019,Terrestrial,Experimental culture,Vascular,Vascular_plant,Terrestrial plants,C3 plants,Magnoliopsida,Solanum nigrum,C3_terrestrial_plant,5.1,6.8,6.3,1.5,1.8,7.8,5.2,-4.7,2,9.1,-1.5,na,3.3,-2.8
Kendall et al. 2019,Terrestrial,Experimental culture,Vascular,Vascular_plant,Terrestrial plants,C3 plants,Magnoliopsida,Stellaria media,C3_terrestrial_plant,2.3,6.1,5.4,1.6,1.8,5.3,5.8,-0.1,3.3,10.7,-2.7,na,4.3,-5.3
Kendall et al. 2019,Terrestrial,Experimental culture,Vascular,Vascular_plant,Terrestrial plants,C3 plants,Liliopsida,Lolium perenne,C3_terrestrial_plant,5.3,7.5,6.8,5.4,2.9,6.8,6.8,-0.4,3.8,11.5,1.9,na,6.1,-4.7
Kendall et al. 2019,Terrestrial,Experimental culture,Vascular,Vascular_plant,Terrestrial plants,C3 plants,Liliopsida,Lolium perenne,C3_terrestrial_plant,6.9,8.8,8.9,5.4,3.6,8.7,7.5,-2.6,4.9,13,0.2,na,5.1,-4.1
Kendall et al. 2019,Terrestrial,Experimental culture,Vascular,Vascular_plant,Terrestrial plants,C3 plants,Liliopsida,Lolium perenne,C3_terrestrial_plant,4.2,6.1,4.7,2.4,1,5.5,5.5,-3.1,2.8,10.8,-2.5,na,2.8,-6.1
Kendall et al. 2019,Terrestrial,Experimental culture,Vascular,Vascular_plant,Terrestrial plants,C3 plants,Liliopsida,Lolium perenne,C3_terrestrial_plant,4,6.2,4.9,3.5,1.1,4.7,5.6,2.8,2.6,8.4,-1.5,na,3.3,-3.5
Kendall et al. 2019,Terrestrial,Experimental culture,Vascular,Vascular_plant,Terrestrial plants,C3 plants,Liliopsida,Lolium perenne,C3_terrestrial_plant,8.8,11.1,9.6,10,6.7,11.1,10,-1.5,6.4,13.8,2.7,na,7.2,-4.2
Kendall et al. 2019,Terrestrial,Experimental culture,Vascular,Vascular_plant,Terrestrial plants,C3 plants,Liliopsida,Lolium perenne,C3_terrestrial_plant,5,7.2,6.2,4.8,2.6,5.8,6.1,-0.6,3.1,10.1,-0.4,na,4.6,-3.9
Kendall et al. 2019,Terrestrial,Experimental culture,Vascular,Vascular_plant,Terrestrial plants,C3 plants,Liliopsida,Lolium perenne,C3_terrestrial_plant,5.8,7.6,6.9,5.6,3.1,6.6,6.9,-2.2,4.3,10.5,0,na,4.7,-3.6
Kendall et al. 2019,Terrestrial,Experimental culture,Vascular,Vascular_plant,Terrestrial plants,C3 plants,Liliopsida,Lolium perenne,C3_terrestrial_plant,4.5,7.2,5.4,3.4,2.8,7,5.7,na,2,11.4,-0.9,na,2.7,-6
Ostle et al. 1999,Terrestrial,Experimental culture,Vascular,Vascular_plant,Terrestrial plants,C3 plants,Magnoliopsida and Liliopsida,Trifolium repens and Agrostis stolonifera,C3_terrestrial_plant,-2.7,-1.7,-2,8.8,-3.1,-0.1,-1,-6.6,-2.7,8.6,-6.9,na,-4.1,-10.6
Ostle et al. 1999,Terrestrial,Experimental culture,Vascular,Vascular_plant,Terrestrial plants,C3 plants,Magnoliopsida and Liliopsida,Trifolium repens and Agrostis stolonifera,C3_terrestrial_plant,0.6,0.6,1,9.3,-0.5,2.8,0.2,-3,0.8,4.9,-3.5,na,-0.6,-3.9
Ostle et al. 1999,Terrestrial,Experimental culture,Vascular,Vascular_plant,Terrestrial plants,C3 plants,Liliopsida,Lolium perenne and Holcus lanatus,C3_terrestrial_plant,0.4,4.5,0.1,0.5,3.4,0.6,4.8,2.1,2.3,4.1,2.5,na,3.3,-4
Ostle et al. 1999,Terrestrial,Experimental culture,Vascular,Vascular_plant,Terrestrial plants,C3 plants,Liliopsida,Triticum aestivum,C3_terrestrial_plant,2.1,1.8,3.4,8.6,0.5,6.2,1,1.7,-1.4,7.9,-1.7,na,-3.3,-4.5
Ostle et al. 1999,Terrestrial,Experimental culture,Vascular,Vascular_plant,Terrestrial plants,C3 plants,Liliopsida,Triticum aestivum,C3_terrestrial_plant,2.1,4.9,3.8,7.4,-0.3,2.2,1.9,-1.8,0.1,5.7,1.9,na,-0.2,-1.9
Paolini et al. 2015,Terrestrial,Experimental culture,Vascular,Vascular_plant,Terrestrial plants,C3 plants,Liliopsida,Triticum aestivum,C3_terrestrial_plant,0.9,2.4,6.7,0.3,0.4,6.9,3.7,0.2,,8.9,na,na,-5.8,-2.2
Paolini et al. 2015,Terrestrial,Experimental culture,Vascular,Vascular_plant,Terrestrial plants,C3 plants,Liliopsida,Triticum aestivum,C3_terrestrial_plant,1.6,0.2,4.9,0.2,-1.4,6,3.4,-1,,7.8,na,na,-7,-2.9
Paolini et al. 2015,Terrestrial,Experimental culture,Vascular,Vascular_plant,Terrestrial plants,C3 plants,Liliopsida,Triticum aestivum,C3_terrestrial_plant,0.5,0.4,5.7,-0.8,-0.1,5.7,1.6,0.3,,8.3,na,na,-4.8,-2.6
Paolini et al. 2015,Terrestrial,Experimental culture,Vascular,Vascular_plant,Terrestrial plants,C3 plants,Liliopsida,Triticum aestivum,C3_terrestrial_plant,2.7,1.3,6,0.8,-1.3,6.5,2.9,0.4,,9.4,na,na,-6.6,-3.4
Paolini et al. 2015,Terrestrial,Experimental culture,Vascular,Vascular_plant,Terrestrial plants,C3 plants,Liliopsida,Triticum aestivum,C3_terrestrial_plant,1,1.3,3.7,1.2,-1.6,5.6,3.3,-3,,9.3,na,na,-4.6,-5.6
Paolini et al. 2015,Terrestrial,Experimental culture,Vascular,Vascular_plant,Terrestrial plants,C3 plants,Liliopsida,Triticum aestivum,C3_terrestrial_plant,-0.1,-0.6,4.5,-1,-3,4.8,1.6,-4.1,,8.1,na,na,-9.5,-3.6
Paolini et al. 2015,Terrestrial,Experimental culture,Vascular,Vascular_plant,Terrestrial plants,C3 plants,Liliopsida,Triticum aestivum,C3_terrestrial_plant,3.1,3.7,8.4,1.7,1.3,8.7,4.8,1.9,,11.9,na,na,-2.8,-3.5
Paolini et al. 2015,Terrestrial,Experimental culture,Vascular,Vascular_plant,Terrestrial plants,C3 plants,Liliopsida,Triticum aestivum,C3_terrestrial_plant,2.7,2.4,7.4,1.9,0.2,8.1,5,1.3,,10.1,na,na,-5.5,-2.7
Paolini et al. 2015,Terrestrial,Experimental culture,Vascular,Vascular_plant,Terrestrial plants,C3 plants,Liliopsida,Triticum aestivum,C3_terrestrial_plant,1.4,0,5,0.2,-0.8,5.7,3,-1.3,,8.3,na,na,-6.1,-3.3
Paolini et al. 2015,Terrestrial,Experimental culture,Vascular,Vascular_plant,Terrestrial plants,C3 plants,Liliopsida,Triticum aestivum,C3_terrestrial_plant,1.8,1.8,4.9,1,-0.7,6.5,4,-3.4,,10.2,na,na,-5.7,-5.3
Paolini et al. 2015,Terrestrial,Experimental culture,Vascular,Vascular_plant,Terrestrial plants,C3 plants,Liliopsida,Triticum aestivum,C3_terrestrial_plant,1.7,-0.1,2.3,-0.3,-2.6,3.2,1.7,-3.7,,8.3,na,na,-5.7,-6
Paolini et al. 2015,Terrestrial,Experimental culture,Vascular,Vascular_plant,Terrestrial plants,C3 plants,Liliopsida,Triticum aestivum,C3_terrestrial_plant,-0.6,-1.2,3.8,-2.6,-3.1,4.5,1.3,-3.6,,7.4,na,na,-6.6,-3.6
Paolini et al. 2015,Terrestrial,Experimental culture,Vascular,Vascular_plant,Terrestrial plants,C3 plants,Liliopsida,Triticum aestivum,C3_terrestrial_plant,5.2,5.5,9.9,4.6,3.5,10.7,7.7,3.5,,14,na,na,-1.5,-4.1
Paolini et al. 2015,Terrestrial,Experimental culture,Vascular,Vascular_plant,Terrestrial plants,C3 plants,Liliopsida,Triticum aestivum,C3_terrestrial_plant,6.3,5.8,10.2,5.9,3.1,11.4,8.4,3.1,,13.9,na,na,-1.1,-3.7
Paolini et al. 2015,Terrestrial,Experimental culture,Vascular,Vascular_plant,Terrestrial plants,C3 plants,Liliopsida,Triticum aestivum,C3_terrestrial_plant,8.5,7.3,10.1,5,6.1,11.3,10,5.5,,15.8,na,na,1.5,-5.7
Paolini et al. 2015,Terrestrial,Experimental culture,Vascular,Vascular_plant,Terrestrial plants,C3 plants,Liliopsida,Triticum aestivum,C3_terrestrial_plant,8.1,6.9,7.8,7.5,2.9,9.8,10,2.1,,15.1,na,na,3.8,-7.3
Paolini et al. 2015,Terrestrial,Experimental culture,Vascular,Vascular_plant,Terrestrial plants,C3 plants,Liliopsida,Triticum aestivum,C3_terrestrial_plant,5.2,6,9,3.9,4.2,10,7.5,2.4,,14.5,na,na,-0.2,-5.5
Paolini et al. 2015,Terrestrial,Experimental culture,Vascular,Vascular_plant,Terrestrial plants,C3 plants,Liliopsida,Triticum aestivum,C3_terrestrial_plant,4.3,4.3,8.8,3.7,1.8,9.5,6.9,2.3,,13.7,na,na,-4,-4.9
Paolini et al. 2015,Terrestrial,Experimental culture,Vascular,Vascular_plant,Terrestrial plants,C3 plants,Liliopsida,Triticum turgidum,C3_terrestrial_plant,2.9,4.1,4.2,1.9,-1.7,6.1,2.9,-0.8,,10.6,na,na,-1.4,-6.4
Paolini et al. 2015,Terrestrial,Experimental culture,Vascular,Vascular_plant,Terrestrial plants,C3 plants,Liliopsida,Triticum turgidum,C3_terrestrial_plant,6.8,5.1,7,4.4,1.4,7.9,6.8,2.2,,10.9,na,na,-2.5,-3.9
Paolini et al. 2015,Terrestrial,Experimental culture,Vascular,Vascular_plant,Terrestrial plants,C3 plants,Liliopsida,Triticum turgidum,C3_terrestrial_plant,8.2,9.8,10.7,8.2,6.1,12.8,9.7,7.3,,14.6,na,na,2.4,-3.9
Paolini et al. 2015,Terrestrial,Experimental culture,Vascular,Vascular_plant,Terrestrial plants,C3 plants,Liliopsida,Triticum turgidum,C3_terrestrial_plant,4.2,5.3,6.5,3.4,4,8.7,5.8,4.9,,11.8,na,na,-4,-5.3
Paolini et al. 2015,Terrestrial,Experimental culture,Vascular,Vascular_plant,Terrestrial plants,C3 plants,Liliopsida,Triticum turgidum,C3_terrestrial_plant,0.7,0,3.8,-2.2,-2.3,4.6,0.2,-1.8,,7.1,na,na,-9.7,-3.3
Paolini et al. 2015,Terrestrial,Experimental culture,Vascular,Vascular_plant,Terrestrial plants,C3 plants,Liliopsida,Triticum turgidum,C3_terrestrial_plant,2,2.3,4.7,1.5,-1.4,5.3,3.9,0,,8.2,na,na,-4.2,-3.5
Paolini et al. 2015,Terrestrial,Experimental culture,Vascular,Vascular_plant,Terrestrial plants,C3 plants,Liliopsida,Triticum turgidum,C3_terrestrial_plant,-1.2,0.6,2.8,-0.9,-3.5,3.4,2.3,0.1,,7.9,na,na,-5.8,-5.1
Paolini et al. 2015,Terrestrial,Experimental culture,Vascular,Vascular_plant,Terrestrial plants,C3 plants,Liliopsida,Triticum turgidum,C3_terrestrial_plant,5.7,6.7,6.4,6.3,1.5,8.8,6.9,3.5,,13,na,na,2.7,-6.6
Paolini et al. 2015,Terrestrial,Experimental culture,Vascular,Vascular_plant,Terrestrial plants,C3 plants,Liliopsida,Triticum turgidum,C3_terrestrial_plant,-1,0.9,2.5,-1.2,-3,3.3,1.7,-0.2,,8.4,na,na,-6.9,-5.9
Paolini et al. 2015,Terrestrial,Experimental culture,Vascular,Vascular_plant,Terrestrial plants,C3 plants,Liliopsida,Triticum turgidum,C3_terrestrial_plant,4.8,5.8,8.7,4.7,2.2,8.9,6.5,6.3,,11.4,na,na,-1.7,-2.7
Paolini et al. 2015,Terrestrial,Experimental culture,Vascular,Vascular_plant,Terrestrial plants,C3 plants,Liliopsida,Triticum turgidum,C3_terrestrial_plant,1.2,0.6,4.5,-0.8,1,5.5,2.7,0.5,,9.6,na,na,-7.6,-5.1
Paolini et al. 2015,Terrestrial,Experimental culture,Vascular,Vascular_plant,Terrestrial plants,C3 plants,Liliopsida,Triticum turgidum,C3_terrestrial_plant,4.2,5.7,6.5,4,2.7,8.9,6.9,3.6,,11.5,na,na,-2,-5
Paolini et al. 2015,Terrestrial,Experimental culture,Vascular,Vascular_plant,Terrestrial plants,C3 plants,Liliopsida,Triticum turgidum,C3_terrestrial_plant,1.2,3.6,5.7,1.4,-1.2,5.4,4.5,0.8,,8.8,na,na,-5,-3.1
Paolini et al. 2015,Terrestrial,Experimental culture,Vascular,Vascular_plant,Terrestrial plants,C3 plants,Liliopsida,Triticum turgidum,C3_terrestrial_plant,0.1,0.8,1.1,0.9,-2.6,3.8,1.7,-2.7,,8.3,na,na,-4.9,-7.2
Paolini et al. 2015,Terrestrial,Experimental culture,Vascular,Vascular_plant,Terrestrial plants,C3 plants,Liliopsida,Triticum turgidum,C3_terrestrial_plant,2.5,3.6,6.1,1.4,-1.5,6.3,5,2.6,,9.1,na,na,-3.1,-3
Paolini et al. 2015,Terrestrial,Experimental culture,Vascular,Vascular_plant,Terrestrial plants,C3 plants,Liliopsida,Triticum turgidum,C3_terrestrial_plant,-1.2,-0.1,2.1,-3.4,-3.7,2.8,-0.5,-0.6,,4.8,na,na,-7.2,-2.7
Paolini et al. 2015,Terrestrial,Experimental culture,Vascular,Vascular_plant,Terrestrial plants,C3 plants,Liliopsida,Triticum turgidum,C3_terrestrial_plant,0.2,0.8,2.9,-1.8,-2.4,3.8,0.9,0.9,,7.9,na,na,-4.7,-5
Pauli et al. 2019,Terrestrial,Natural,Vascular,Vascular_plant,Terrestrial plants,C3 plants,Pinopsida,Picea glauca,C3_terrestrial_plant,na,na,-0.8,na,na,na,na,na,,8.4,na,na,na,-9.2
Pauli et al. 2019,Terrestrial,Natural,Vascular,Vascular_plant,Terrestrial plants,C3 plants,Pinopsida,Picea glauca,C3_terrestrial_plant,na,na,-0.2,na,na,na,na,na,,7.2,na,na,na,-7.4
Pauli et al. 2019,Terrestrial,Natural,Vascular,Vascular_plant,Terrestrial plants,C3 plants,Magnoliopsida,Quercus rubra,C3_terrestrial_plant,na,na,1.3,na,na,na,na,na,,8.4,na,na,na,-7.1
Pauli et al. 2019,Terrestrial,Natural,Vascular,Vascular_plant,Terrestrial plants,C3 plants,Magnoliopsida,Quercus rubra,C3_terrestrial_plant,na,na,1.5,na,na,na,na,na,,9.8,na,na,na,-8.3
Pollierer et al. 2019,Terrestrial,Natural,Vascular,Vascular_plant,Terrestrial plants,C3 plants,Magnoliopsida,Tilia cordata,C3_terrestrial_plant,na,na,na,na,na,na,na,na,,,na,na,na,#VALUE!
Pollierer et al. 2019,Terrestrial,Experimental culture,Vascular,Vascular_plant,Terrestrial plants,C3 plants,Magnoliopsida,Lupinus albus,C3_terrestrial_plant,na,na,na,na,na,na,na,na,,,na,na,na,#VALUE!
Steffan et al. 2013,Terrestrial,Experimental culture,Vascular,Vascular_plant,Terrestrial plants,C3 plants,Magnoliopsida,Phaseolus vulgaris,C3_terrestrial_plant,na,na,2.8,na,na,na,na,na,,10.1,na,na,na,-7.3
Steffan et al. 2013,Terrestrial,Experimental culture,Vascular,Vascular_plant,Terrestrial plants,C3 plants,Magnoliopsida,Phaseolus vulgaris,C3_terrestrial_plant,na,na,3,na,na,na,na,na,,10.2,na,na,na,-7.2
Steffan et al. 2013,Terrestrial,Experimental culture,Vascular,Vascular_plant,Terrestrial plants,C3 plants,Magnoliopsida,Phaseolus vulgaris,C3_terrestrial_plant,na,na,0.7,na,na,na,na,na,,7.9,na,na,na,-7.2
Steffan et al. 2013,Terrestrial,Experimental culture,Vascular,Vascular_plant,Terrestrial plants,C3 plants,Liliopsida and Eudicotyledoneae,Avena sativa and Vaccinium macrocarpon,C3_terrestrial_plant,na,na,1.5,na,na,na,na,na,,8.7,na,na,na,-7.2
Steffan et al. 2013,Terrestrial,Experimental culture,Vascular,Vascular_plant,Terrestrial plants,C3 plants,Liliopsida and Eudicotyledoneae,Avena sativa and Vaccinium macrocarpon,C3_terrestrial_plant,na,na,1.1,na,na,na,na,na,,8.2,na,na,na,-7.1
Steffan et al. 2013,Terrestrial,Experimental culture,Vascular,Vascular_plant,Terrestrial plants,C3 plants,Liliopsida and Eudicotyledoneae,Avena sativa and Vaccinium macrocarpon,C3_terrestrial_plant,na,na,1.1,na,na,na,na,na,,8.3,na,na,na,-7.2
Steffan et al. 2013,Terrestrial,Experimental culture,Vascular,Vascular_plant,Terrestrial plants,C3 plants,Liliopsida and Eudicotyledoneae,Avena sativa and Vaccinium macrocarpon,C3_terrestrial_plant,na,na,1.3,na,na,na,na,na,,8.5,na,na,na,-7.2
Steffan et al. 2013,Terrestrial,Natural,Vascular,Vascular_plant,Terrestrial plants,C3 plants,Magnoliopsida,Malus domestica,C3_terrestrial_plant,na,na,-2.1,na,na,na,na,na,,7.4,na,na,na,-9.5
Steffan et al. 2013,Terrestrial,Natural,Vascular,Vascular_plant,Terrestrial plants,C3 plants,Magnoliopsida,Malus domestica,C3_terrestrial_plant,na,na,-6.4,na,na,na,na,na,,3.7,na,na,na,-10.1
Steffan et al. 2013,Terrestrial,Natural,Vascular,Vascular_plant,Terrestrial plants,C3 plants,Magnoliopsida,Malus domestica,C3_terrestrial_plant,na,na,-7.7,na,na,na,na,na,,2.2,na,na,na,-9.9
Steffan et al. 2013,Terrestrial,Natural,Vascular,Vascular_plant,Terrestrial plants,C3 plants,Magnoliopsida,Malus domestica,C3_terrestrial_plant,na,na,-5.2,na,na,na,na,na,,4.7,na,na,na,-9.9
Steffan et al. 2015,Terrestrial,Experimental culture,Vascular,Vascular_plant,Terrestrial plants,C3 plants,Magnoliopsida,Quercus macrocarpa,C3_terrestrial_plant,-11.9,na,-14.1,-16.5,-13.1,na,-13.5,-12.6,,-5.2,na,na,na,-8.9
Steffan et al. 2015,Terrestrial,Experimental culture,Vascular,Vascular_plant,Terrestrial plants,C3 plants,Magnoliopsida,Quercus macrocarpa,C3_terrestrial_plant,-14.9,na,-14,-17.4,-17.6,na,-14,-17.6,,-7,na,na,na,-7
Steffan et al. 2015,Terrestrial,Experimental culture,Vascular,Vascular_plant,Terrestrial plants,C3 plants,Magnoliopsida,Quercus macrocarpa,C3_terrestrial_plant,-11.1,na,-11.5,-12.6,-12.6,na,-12.7,-12.7,,-2.9,na,na,na,-8.6
Steffan et al. 2015,Terrestrial,Experimental culture,Vascular,Vascular_plant,Terrestrial plants,C3 plants,Magnoliopsida,Quercus macrocarpa,C3_terrestrial_plant,-11.7,na,-14.1,-13.9,-12.4,na,-12.8,-13.8,,-6.6,na,na,na,-7.5
Steffan et al. 2015,Terrestrial,Experimental culture,Vascular,Vascular_plant,Terrestrial plants,C3 plants,Magnoliopsida,Quercus macrocarpa,C3_terrestrial_plant,-10.2,na,-15.1,-12.8,-14.6,na,-15.2,-14,,-5.8,na,na,na,-9.3
Steffan et al. 2015,Terrestrial,Experimental culture,Vascular,Vascular_plant,Terrestrial plants,C3 plants,Magnoliopsida and Liliopsida,Glycine max and Triticum sp.,C3_terrestrial_plant,-3.8,na,-3.8,-4.5,-2.6,na,-5.2,-3.5,,3.6,na,na,na,-7.4
Steffan et al. 2015,Terrestrial,Experimental culture,Vascular,Vascular_plant,Terrestrial plants,C3 plants,Magnoliopsida and Liliopsida,Glycine max and Triticum sp.,C3_terrestrial_plant,-5.6,na,-4.4,-4.5,-2.7,na,-5.3,-4.7,,2.9,na,na,na,-7.3
Steffan et al. 2015,Terrestrial,Experimental culture,Vascular,Vascular_plant,Terrestrial plants,C3 plants,Magnoliopsida and Liliopsida,Glycine max and Triticum sp.,C3_terrestrial_plant,-3.9,na,-3.9,-3.9,-3.1,na,-3.8,-5.3,,3.4,na,na,na,-7.3
Steffan et al. 2015,Terrestrial,Experimental culture,Vascular,Vascular_plant,Terrestrial plants,C3 plants,Magnoliopsida and Liliopsida,Glycine max and Triticum sp.,C3_terrestrial_plant,-4.3,na,-4.5,-3.6,-2.9,na,-4.7,-4.8,,2.5,na,na,na,-7
Steffan et al. 2015,Terrestrial,Experimental culture,Vascular,Vascular_plant,Terrestrial plants,C3 plants,Eudicotyledoneae,Vaccinium macrocarpon,C3_terrestrial_plant,5.6,na,7.7,7.6,9.3,na,7.7,-1.2,,15.2,na,na,na,-7.5
Steffan et al. 2015,Terrestrial,Experimental culture,Vascular,Vascular_plant,Terrestrial plants,C3 plants,Eudicotyledoneae,Vaccinium macrocarpon,C3_terrestrial_plant,4.4,na,7.2,8.9,8.8,na,7.7,1.5,,15.7,na,na,na,-8.5
Steffan et al. 2015,Terrestrial,Experimental culture,Vascular,Vascular_plant,Terrestrial plants,C3 plants,Eudicotyledoneae,Vaccinium macrocarpon,C3_terrestrial_plant,5.7,na,7.4,7.9,8.7,na,7.8,2.4,,14.9,na,na,na,-7.5
Steffan et al. 2015,Terrestrial,Experimental culture,Vascular,Vascular_plant,Terrestrial plants,C3 plants,Magnoliopsida,Acersp.,C3_terrestrial_plant,-11.2,na,-10.9,-14.5,-8.7,na,-9.6,-23.8,,-2.4,na,na,na,-8.5
Steffan et al. 2015,Terrestrial,Experimental culture,Vascular,Vascular_plant,Terrestrial plants,C3 plants,Magnoliopsida,Acersp.,C3_terrestrial_plant,2.6,na,0.5,0.8,1.6,na,2.3,-9,,8.4,na,na,na,-7.9
Steffan et al. 2015,Terrestrial,Experimental culture,Vascular,Vascular_plant,Terrestrial plants,C3 plants,Magnoliopsida,Acersp.,C3_terrestrial_plant,na,na,-12.4,na,-14,na,-13.4,-19.2,,-3.3,na,na,na,-9.1
Steffan et al. 2015,Terrestrial,Experimental culture,Vascular,Vascular_plant,Terrestrial plants,C3 plants,Magnoliopsida,Betula sp.,C3_terrestrial_plant,-8.7,na,-6.9,-7.8,-13.3,na,-8.1,-17.2,,1,na,na,na,-7.9
Steffan et al. 2015,Terrestrial,Experimental culture,Vascular,Vascular_plant,Terrestrial plants,C3 plants,Magnoliopsida,Betula sp.,C3_terrestrial_plant,-6.6,na,-6.2,na,-7.2,na,-5.7,-11.2,,2.7,na,na,na,-8.9
Steffan et al. 2015,Terrestrial,Experimental culture,Vascular,Vascular_plant,Terrestrial plants,C3 plants,Magnoliopsida,Betula sp.,C3_terrestrial_plant,-12.5,na,-10.5,na,-10.9,na,-11.1,-17.6,,-1.3,na,na,na,-9.2
Styring et al. 2014,Terrestrial,Experimental culture,Vascular,Vascular_plant,Terrestrial plants,C3 plants,Liliopsida,Hordeum vulgare,C3_terrestrial_plant,9.6,10.9,10.1,na,6.8,11.4,9.4,8.4,,16.7,6.2,na,na,-6.6
Styring et al. 2014,Terrestrial,Experimental culture,Vascular,Vascular_plant,Terrestrial plants,C3 plants,Liliopsida,Hordeum vulgare,C3_terrestrial_plant,3.2,4.4,3.6,na,0.7,4.9,3.9,0.7,,10.7,-1.1,na,na,-7.1
Styring et al. 2014,Terrestrial,Experimental culture,Vascular,Vascular_plant,Terrestrial plants,C3 plants,Liliopsida,Hordeum vulgare,C3_terrestrial_plant,6,6.8,5.6,na,3.7,7.6,6,5.1,,14.3,2.7,na,na,-8.7
Styring et al. 2014,Terrestrial,Experimental culture,Vascular,Vascular_plant,Terrestrial plants,C3 plants,Liliopsida,Hordeum vulgare,C3_terrestrial_plant,1.6,2.8,1.3,na,-0.7,3.4,2.6,0.3,,10.6,-1.5,na,na,-9.3
Styring et al. 2014,Terrestrial,Experimental culture,Vascular,Vascular_plant,Terrestrial plants,C3 plants,Liliopsida,Hordeum vulgare,C3_terrestrial_plant,8.2,9,7.5,na,5.3,9.1,7.9,5.5,,14.6,3.7,na,na,-7.1
Styring et al. 2014,Terrestrial,Experimental culture,Vascular,Vascular_plant,Terrestrial plants,C3 plants,Liliopsida,Hordeum vulgare,C3_terrestrial_plant,1.6,2.8,1.3,na,-0.7,3.4,2.6,0.3,,10.6,-1.5,na,na,-9.3
Styring et al. 2014,Terrestrial,Experimental culture,Vascular,Vascular_plant,Terrestrial plants,C3 plants,Liliopsida,Hordeum vulgare,C3_terrestrial_plant,4.3,6.9,5.8,na,2.7,7.9,6,2.3,,14.6,0.3,na,na,-8.8
Styring et al. 2014,Terrestrial,Experimental culture,Vascular,Vascular_plant,Terrestrial plants,C3 plants,Liliopsida,Hordeum vulgare,C3_terrestrial_plant,-2.1,0.6,-0.3,na,-3.1,3.8,3.7,-6.6,,11.8,-6,na,na,-12.1
Styring et al. 2014,Terrestrial,Experimental culture,Vascular,Vascular_plant,Terrestrial plants,C3 plants,Liliopsida,Triticum aestivum,C3_terrestrial_plant,8.2,9,7.5,na,5.3,9.1,7.9,5.5,,14.6,3.7,na,na,-7.1
Styring et al. 2014,Terrestrial,Experimental culture,Vascular,Vascular_plant,Terrestrial plants,C3 plants,Liliopsida,Triticum aestivum,C3_terrestrial_plant,0.8,2.4,0.5,na,-2.1,2.2,2.2,-2.7,,7.3,-3,na,na,-6.8
Styring et al. 2014,Terrestrial,Experimental culture,Vascular,Vascular_plant,Terrestrial plants,C3 plants,Liliopsida,Triticum aestivum,C3_terrestrial_plant,7.4,9.2,9.1,na,5.9,10.6,8.8,3.4,,15.7,2.1,na,na,-6.6
Styring et al. 2014,Terrestrial,Experimental culture,Vascular,Vascular_plant,Terrestrial plants,C3 plants,Liliopsida,Triticum aestivum,C3_terrestrial_plant,3.1,3.5,2.4,na,0.1,4.9,4.3,-1,,10.4,-3.6,na,na,-8
Styring et al. 2014,Terrestrial,Experimental culture,Vascular,Vascular_plant,Terrestrial plants,C3 plants,Liliopsida,Triticum aestivum,C3_terrestrial_plant,5.8,5.4,4,na,3,6.7,6.1,3.6,,12.8,2.9,na,na,-8.8
Styring et al. 2014,Terrestrial,Experimental culture,Vascular,Vascular_plant,Terrestrial plants,C3 plants,Liliopsida,Triticum aestivum,C3_terrestrial_plant,2.7,2.5,1,na,-0.3,3.9,3,0.7,,10.3,-0.7,na,na,-9.3
Styring et al. 2014,Terrestrial,Experimental culture,Vascular,Vascular_plant,Terrestrial plants,C3 plants,Liliopsida,Triticum aestivum,C3_terrestrial_plant,8.2,5.6,7,na,7.2,9,7.4,5,,13.7,2.8,na,na,-6.7
Styring et al. 2014,Terrestrial,Experimental culture,Vascular,Vascular_plant,Terrestrial plants,C3 plants,Liliopsida,Triticum aestivum,C3_terrestrial_plant,5.2,1.7,3.3,na,5,6.1,3.6,1.2,,11.9,-1,na,na,-8.6
Styring et al. 2014,Terrestrial,Experimental culture,Vascular,Vascular_plant,Terrestrial plants,C3 plants,Magnoliopsida,Vicia faba,C3_terrestrial_plant,-0.9,2.4,0.9,na,-2.4,4.3,0.3,2.2,,2.1,-2.5,na,na,-1.2
Styring et al. 2014,Terrestrial,Experimental culture,Vascular,Vascular_plant,Terrestrial plants,C3 plants,Magnoliopsida,Vicia faba,C3_terrestrial_plant,0.1,1.9,1.2,na,-4.4,3.1,-0.1,1.7,,1.3,-2.8,na,na,-0.1
Styring et al. 2014,Terrestrial,Experimental culture,Vascular,Vascular_plant,Terrestrial plants,C3 plants,Magnoliopsida,Pisum sativum,C3_terrestrial_plant,-0.4,1,0.7,na,-4.8,3.6,0.4,6.5,,-0.5,0.5,na,na,1.2
Styring et al. 2014,Terrestrial,Experimental culture,Vascular,Vascular_plant,Terrestrial plants,C3 plants,Magnoliopsida,Pisum sativum,C3_terrestrial_plant,0.2,2.3,0.9,na,-2.8,3.8,0.6,7.3,,0.3,0.8,na,na,0.6
"Takizawa & Chikaraishi, 2014",Terrestrial,Natural,Vascular,Vascular_plant,Terrestrial plants,C3 plants,Magnoliopsida,Ipomoea batatas,C3_terrestrial_plant,na,na,-0.4,na,na,na,na,na,,5.2,na,na,na,-5.6
"Takizawa & Chikaraishi, 2014",Terrestrial,Natural,Vascular,Vascular_plant,Terrestrial plants,C3 plants,Magnoliopsida,Ipomoea batatas,C3_terrestrial_plant,na,na,6.5,na,na,na,na,na,,5.8,na,na,na,0.7
"Takizawa & Chikaraishi, 2017",Terrestrial,Natural,Vascular,Vascular_plant,Terrestrial plants,C3 plants,Magnoliopsida,Cerasus lannesiana,C3_terrestrial_plant,-1.8,na,1.2,-2.9,-7,na,-0.3,-14.1,,0.3,na,na,na,0.9
"Takizawa & Chikaraishi, 2017",Terrestrial,Natural,Vascular,Vascular_plant,Terrestrial plants,C3 plants,Magnoliopsida,Cerasus lannesiana,C3_terrestrial_plant,-5.6,na,-1.3,-1.2,-7.7,na,-5.6,-12.6,,-1.8,na,na,na,0.5
"Takizawa & Chikaraishi, 2017",Terrestrial,Natural,Vascular,Vascular_plant,Terrestrial plants,C3 plants,Magnoliopsida,Cerasus lannesiana,C3_terrestrial_plant,-3.1,na,-0.6,-5.8,-4.2,7.2,-0.4,-12.8,,6.7,na,na,na,-7.3
"Takizawa & Chikaraishi, 2017",Terrestrial,Natural,Vascular,Vascular_plant,Terrestrial plants,C3 plants,Magnoliopsida,Cerasus lannesiana,C3_terrestrial_plant,1.4,na,2.3,2.1,-2,1,-1.8,-15.8,,11.7,na,na,na,-9.4
"Takizawa & Chikaraishi, 2017",Terrestrial,Natural,Vascular,Vascular_plant,Terrestrial plants,C3 plants,Magnoliopsida,Cerasus lannesiana,C3_terrestrial_plant,-0.7,na,-1.4,-1.3,-3.7,-1.9,-2.2,-13.4,,7.7,na,na,na,-9.1
"Takizawa & Chikaraishi, 2017",Terrestrial,Natural,Vascular,Vascular_plant,Terrestrial plants,C3 plants,Magnoliopsida,Cerasus lannesiana,C3_terrestrial_plant,-1.2,na,3,0.1,-4,-0.1,2.3,-6.9,,10.1,na,na,na,-7.1
"Takizawa & Chikaraishi, 2017",Terrestrial,Natural,Vascular,Vascular_plant,Terrestrial plants,C3 plants,Magnoliopsida,Cerasus lannesiana,C3_terrestrial_plant,-5,na,-4.3,-4.8,-6.4,na,-1.2,-13.6,,4.5,na,na,na,-8.8
"Takizawa & Chikaraishi, 2017",Terrestrial,Natural,Vascular,Vascular_plant,Terrestrial plants,C3 plants,Magnoliopsida,Cerasus lannesiana,C3_terrestrial_plant,-6,na,-5.9,-7.3,-7.6,na,-2.9,-15.4,,1.9,na,na,na,-7.8
"Takizawa & Chikaraishi, 2017",Terrestrial,Natural,Vascular,Vascular_plant,Terrestrial plants,C3 plants,Magnoliopsida,Cerasus lannesiana,C3_terrestrial_plant,1,na,2.8,1.9,-1.3,9.9,2,-2.4,,6,na,na,na,-3.2
"Takizawa & Chikaraishi, 2017",Terrestrial,Natural,Vascular,Vascular_plant,Terrestrial plants,C3 plants,Magnoliopsida,Cerasus lannesiana,C3_terrestrial_plant,-0.4,na,2.4,0.8,-2,6.1,0.9,-3,,7.5,na,na,na,-5.1
"Takizawa & Chikaraishi, 2017",Terrestrial,Natural,Vascular,Vascular_plant,Terrestrial plants,C3 plants,Magnoliopsida,Cerasus lannesiana,C3_terrestrial_plant,-1.3,na,1.9,0.6,-1.9,2.8,0.6,-4.8,,8.5,na,na,na,-6.6
"Takizawa & Chikaraishi, 2017",Terrestrial,Natural,Vascular,Vascular_plant,Terrestrial plants,C3 plants,Magnoliopsida,Cerasus lannesiana,C3_terrestrial_plant,-2.2,na,2.2,1,-2.7,3.2,2.3,-7.2,,9.6,na,na,na,-7.4
"Takizawa & Chikaraishi, 2017",Terrestrial,Natural,Vascular,Vascular_plant,Terrestrial plants,C3 plants,Magnoliopsida,Cerasus lannesiana,C3_terrestrial_plant,-1.7,na,2,0.6,-1.3,2.9,0.7,-6.2,,9.5,na,na,na,-7.5
Takizawa et al. 2017,Terrestrial,Natural,Vascular,Vascular_plant,Terrestrial plants,C3 plants,Magnoliopsida,Amygdalus persica,C3_terrestrial_plant,-13.1,na,-13,na,-13.1,na,-14.2,-16.7,,-5.1,na,na,na,-7.9
Takizawa et al. 2017,Terrestrial,Natural,Vascular,Vascular_plant,Terrestrial plants,C3 plants,Magnoliopsida,Cerasus lannesiana,C3_terrestrial_plant,-3.1,na,-0.7,-5.7,-4.2,7.3,-0.1,-13,,6.9,na,na,na,-7.6
Takizawa et al. 2017,Terrestrial,Natural,Vascular,Vascular_plant,Terrestrial plants,C3 plants,Magnoliopsida,Cerasus pseudocerasus,C3_terrestrial_plant,-4.5,na,-2.1,-4.4,-5.7,-0.2,-3.5,-17.4,,6.3,-14.2,na,na,-8.4
Takizawa et al. 2017,Terrestrial,Natural,Vascular,Vascular_plant,Terrestrial plants,C3 plants,Magnoliopsida,Prunus mume,C3_terrestrial_plant,3.5,na,2.8,1.3,0.6,4.8,7.6,-12.8,,11,na,na,na,-8.2
Takizawa et al. 2017,Terrestrial,Natural,Vascular,Vascular_plant,Terrestrial plants,C3 plants,Magnoliopsida,Wisteria floribunda,C3_terrestrial_plant,2.1,na,5.1,na,na,na,3.8,1.1,,13.3,na,na,na,-8.2
Takizawa et al. 2017,Terrestrial,Natural,Vascular,Vascular_plant,Terrestrial plants,C3 plants,Magnoliopsida,Amygdalus persica,C3_terrestrial_plant,-6.6,na,-5.8,na,na,na,-6.3,-15.2,,-4,-10,na,na,-1.8
Takizawa et al. 2017,Terrestrial,Natural,Vascular,Vascular_plant,Terrestrial plants,C3 plants,Magnoliopsida,Cerasus lannesiana,C3_terrestrial_plant,-1.7,na,1.4,-2.8,-7,na,-0.3,-14.4,,0.6,na,na,na,0.8
Takizawa et al. 2017,Terrestrial,Natural,Vascular,Vascular_plant,Terrestrial plants,C3 plants,Magnoliopsida,Cerasus pseudocerasus,C3_terrestrial_plant,-3.3,na,5.2,-0.4,-1.2,2,2.7,-7,,1.8,na,na,na,3.4
Takizawa et al. 2017,Terrestrial,Natural,Vascular,Vascular_plant,Terrestrial plants,C3 plants,Magnoliopsida,Prunus mume,C3_terrestrial_plant,-2,na,7.3,na,na,na,0.5,-8.2,,5.8,na,na,na,1.5
Takizawa et al. 2017,Terrestrial,Natural,Vascular,Vascular_plant,Terrestrial plants,C3 plants,Magnoliopsida,Wisteria floribunda,C3_terrestrial_plant,-3.4,na,0.2,-3.3,-9.1,na,-4,-14.3,,-0.5,-15.3,na,na,0.7
Takizawa et al. 2017,Terrestrial,Natural,Vascular,Vascular_plant,Terrestrial plants,C3 plants,Magnoliopsida,Akebia quinata,C3_terrestrial_plant,-16.4,na,-18.7,na,-17.5,na,-20.2,-25.6,,-10,na,na,na,-8.7
Takizawa et al. 2017,Terrestrial,Natural,Vascular,Vascular_plant,Terrestrial plants,C3 plants,Magnoliopsida,Benthamidia japonica,C3_terrestrial_plant,-12.1,na,-12.4,na,-10,na,-10.4,-22.9,,-4.1,na,na,na,-8.3
Takizawa et al. 2017,Terrestrial,Natural,Vascular,Vascular_plant,Terrestrial plants,C3 plants,Magnoliopsida,Cucumis sativus,C3_terrestrial_plant,-1.3,na,0.3,-2.7,-2.3,na,-2.1,-15.7,,8.9,na,na,na,-8.6
Takizawa et al. 2017,Terrestrial,Natural,Vascular,Vascular_plant,Terrestrial plants,C3 plants,Magnoliopsida,Hydrangea macrophylla,C3_terrestrial_plant,-3.7,na,-0.9,-1.7,-0.7,-0.9,-2.1,-12.6,,7.3,-11,na,na,-8.2
Takizawa et al. 2017,Terrestrial,Natural,Vascular,Vascular_plant,Terrestrial plants,C3 plants,Magnoliopsida,Solanum melongena,C3_terrestrial_plant,-0.2,na,2.4,2.5,0.6,na,0.5,-18.4,,11.8,na,na,na,-9.4
Takizawa et al. 2017,Terrestrial,Natural,Vascular,Vascular_plant,Terrestrial plants,C3 plants,Magnoliopsida,Akebia quinata,C3_terrestrial_plant,na,na,-16.6,na,-16.8,na,na,-24.9,,-7.2,na,na,na,-9.4
Takizawa et al. 2017,Terrestrial,Natural,Vascular,Vascular_plant,Terrestrial plants,C3 plants,Magnoliopsida,Benthamidia japonica,C3_terrestrial_plant,-14.9,na,-13.2,na,na,na,-9.7,-30.8,,-4.9,na,na,na,-8.3
Takizawa et al. 2017,Terrestrial,Natural,Vascular,Vascular_plant,Terrestrial plants,C3 plants,Magnoliopsida,Cucumis sativus,C3_terrestrial_plant,-1.1,na,0.5,-1.6,-1.2,na,-0.9,-16.6,,8.6,na,na,na,-8.1
Takizawa et al. 2017,Terrestrial,Natural,Vascular,Vascular_plant,Terrestrial plants,C3 plants,Magnoliopsida,Hydrangea macrophylla,C3_terrestrial_plant,-3.1,na,0.1,-0.5,-1,1,-1.4,-11.3,,8.3,na,na,na,-8.2
Takizawa et al. 2017,Terrestrial,Natural,Vascular,Vascular_plant,Terrestrial plants,C3 plants,Magnoliopsida,Solanum melongena,C3_terrestrial_plant,-2.2,na,-1,-7.1,-4.5,na,-2.2,-14.9,,7,na,na,na,-8
Yamanaka et al. 2015,Terrestrial,Natural,Vascular,Vascular_plant,Terrestrial plants,C3 plants,Magnoliopsida,Zelkova serrata,C3_terrestrial_plant,1.8,na,0.3,2.2,5.1,na,-0.4,0.4,,7.7,na,na,na,-7.4
Yamanaka et al. 2015,Terrestrial,Natural,Vascular,Vascular_plant,Terrestrial plants,C3 plants,Magnoliopsida,Zelkova serrata,C3_terrestrial_plant,0.3,na,0.3,3.5,1.9,na,0.6,0.5,,8.1,na,na,na,-7.8
Yamanaka et al. 2015,Terrestrial,Natural,Vascular,Vascular_plant,Terrestrial plants,C3 plants,Magnoliopsida,Zelkova serrata,C3_terrestrial_plant,1.4,na,0.8,0.5,2.7,na,0.6,0.7,,8.1,na,na,na,-7.3
Yoneyama et al. 1998,Terrestrial,Natural,Vascular,Vascular_plant,Terrestrial plants,C3 plants,Magnoliopsida,Pisum sativum,C3_terrestrial_plant,na,4,-3.1,na,na,na,4.4,na,,,na,na,-3.2,-3.1
Yoneyama et al. 1998,Terrestrial,Natural,Vascular,Vascular_plant,Terrestrial plants,C3 plants,Magnoliopsida,Pisum sativum,C3_terrestrial_plant,na,2.6,-1.2,na,na,-1.6,na,na,,,na,na,0.9,-1.2
Yoneyama et al. 1998,Terrestrial,Natural,Vascular,Vascular_plant,Terrestrial plants,C3 plants,Magnoliopsida,Vicia faba,C3_terrestrial_plant,na,2.1,0.6,na,na,-1.8,3.2,na,,,na,na,na,0.6
Yoneyama et al. 1998,Terrestrial,Natural,Vascular,Vascular_plant,Terrestrial plants,C3 plants,Magnoliopsida,Sesbania rostrata,C3_terrestrial_plant,na,-2.1,-2,na,na,1.6,na,na,,,na,na,1.9,-2
"Yoneyama & Tanaka, 1999",Terrestrial,Experimental culture,Vascular,Vascular_plant,Terrestrial plants,C3 plants,Magnoliopsida,Brassica campestris,C3_terrestrial_plant,na,-1.3,-2.4,na,na,-1.9,-0.9,na,,-8.2,na,na,-2.3,5.8
"Yoneyama & Tanaka, 1999",Terrestrial,Experimental culture,Vascular,Vascular_plant,Terrestrial plants,C3 plants,Magnoliopsida,Brassica campestris,C3_terrestrial_plant,na,-1.1,-1.5,na,na,-5.1,-1.8,na,,,na,na,-1.6,-1.5
"Yoneyama & Tanaka, 1999",Terrestrial,Experimental culture,Vascular,Vascular_plant,Terrestrial plants,C3 plants,Magnoliopsida,Spinacia oleracea,C3_terrestrial_plant,na,3.8,2.7,na,na,1.6,2.5,na,,-2.8,na,na,2.3,5.5
"Yoneyama & Tanaka, 1999",Terrestrial,Experimental culture,Vascular,Vascular_plant,Terrestrial plants,C3 plants,Magnoliopsida,Spinacia oleracea,C3_terrestrial_plant,na,2.9,1.9,na,na,-1.4,1.2,na,,-3.4,na,na,1.4,5.3
"Yoneyama & Tanaka, 1999",Terrestrial,Experimental culture,Vascular,Vascular_plant,Terrestrial plants,C3 plants,Magnoliopsida,Gycine max,C3_terrestrial_plant,na,2.8,-0.5,na,na,-3.5,na,na,,-3.8,na,na,na,3.3
"Yoneyama & Tanaka, 1999",Terrestrial,Experimental culture,Vascular,Vascular_plant,Terrestrial plants,C3 plants,Magnoliopsida,Gycine max,C3_terrestrial_plant,na,1.3,1,na,na,-2.9,3.1,na,,,na,na,1.5,1
"Yoneyama & Tanaka, 1999",Terrestrial,Experimental culture,Vascular,Vascular_plant,Terrestrial plants,C3 plants,Magnoliopsida,Gycine max,C3_terrestrial_plant,na,3.7,-1.2,na,na,-3,-1.1,na,,-3.1,na,na,na,1.9
"Yoneyama & Tanaka, 1999",Terrestrial,Experimental culture,Vascular,Vascular_plant,Terrestrial plants,C3 plants,Magnoliopsida,Gycine max,C3_terrestrial_plant,na,1.2,2.5,na,na,-2.1,-2.9,na,,1.3,na,na,1.7,1.2
Zhang et al. 2019,Terrestrial,Natural,Vascular,Vascular_plant,Terrestrial plants,C3 plants,Liliopsida and Equisetopsida,Phragmites australis and Artemisia igniaria,C3_terrestrial_plant,na,na,1.8,na,na,na,na,na,,10.2,na,na,na,-8.4
Zhang et al. 2021,Terrestrial,Natural,Vascular,Vascular_plant,Terrestrial plants,C3 plants,Liliopsida and Equisetopsida,Phragmites australisand Artemisia igniaria,C3_terrestrial_plant,na,na,2.3,na,na,na,na,na,,10.5,na,na,na,-8.2
Besser et al. 2022,Terrestrial,Natural,Vascular,Vascular_plant,Terrestrial plants,C3 plants,Magnoliopsida,Larrea tridentata,C3_terrestrial_plant,na,na,4.9,na,na,8.1,na,na,7.5,10.1,na,na,-0.3,-5.2
Besser et al. 2022,Terrestrial,Natural,Vascular,Vascular_plant,Terrestrial plants,C3 plants,Magnoliopsida,Sphaeralcea sp.,C3_terrestrial_plant,na,na,8,na,na,9.4,na,na,3.7,12.6,na,na,-0.5,-4.6
Besser et al. 2022,Terrestrial,Natural,Vascular,Vascular_plant,Terrestrial plants,C3 plants,Magnoliopsida,Krascheninnikovia lanata,C3_terrestrial_plant,na,na,13.7,na,na,14.9,na,na,8.9,21.6,na,na,3.7,-7.9
Chikaraishi et al. 2010,Terrestrial,Natural,Vascular,Vascular_plant,Terrestrial plants,C4 plants,Liliopsida,Miscanthus sinensis,C4_terrestrial_plant,-10,na,-6.3,-11.4,-14.2,-4.4,na,-9.5,,-6.9,na,na,na,0.6
Chikaraishi et al. 2010,Terrestrial,Natural,Vascular,Vascular_plant,Terrestrial plants,C4 plants,Liliopsida,Saccharum officinarum,C4_terrestrial_plant,-6.6,na,-1.1,na,-9.3,-0.9,na,-5.8,,-2.2,-4.8,na,na,1.1
Chikaraishi et al. 2010,Terrestrial,Natural,Vascular,Vascular_plant,Terrestrial plants,C4 plants,Liliopsida,Saccharum officinarum,C4_terrestrial_plant,7.9,na,8,6.8,6.1,10,11.5,6.8,,7.3,4.2,-0.2,na,0.7
Chikaraishi et al. 2010,Terrestrial,Natural,Vascular,Vascular_plant,Terrestrial plants,C4 plants,Liliopsida,Sorghum bicolor,C4_terrestrial_plant,11.1,na,11.9,7.8,9.8,13.3,12,9.1,,14.7,1,11.5,na,-2.8
Chikaraishi et al. 2010,Terrestrial,Natural,Vascular,Vascular_plant,Terrestrial plants,C4 plants,Liliopsida,Zea mays,C4_terrestrial_plant,na,na,6.9,na,1.3,3.8,na,1.1,,4,-0.7,-4.7,na,2.9
Chikaraishi et al. 2010,Terrestrial,Natural,Vascular,Vascular_plant,Terrestrial plants,C4 plants,Liliopsida,Zea mays,C4_terrestrial_plant,na,na,5.3,na,0,3.6,na,na,,4.9,-12.5,5.3,na,0.4
Chikaraishi et al. 2010,Terrestrial,Natural,Vascular,Vascular_plant,Terrestrial plants,C4 plants,Liliopsida,Zoysia japonica,C4_terrestrial_plant,1.9,na,6.4,3,2.2,6.7,na,1.9,,6.1,1.9,-0.4,na,0.3
Ostle et al. 1999,Terrestrial,Experimental culture,Vascular,Vascular_plant,Terrestrial plants,C4 plants,Liliopsida,Zea mays,C4_terrestrial_plant,-1,-0.5,0.9,8,-3.8,2,-2.6,0.9,-2.7,6.4,-3.2,na,-2.3,-5.5
Ostle et al. 1999,Terrestrial,Experimental culture,Vascular,Vascular_plant,Terrestrial plants,C4 plants,Liliopsida,Zea mays,C4_terrestrial_plant,0.1,1.1,2,9.2,-1.3,4.3,-1.7,-2,-2.4,3.3,-1.1,na,-4.3,-1.3
Hare et al. 1991,Terrestrial,Experimental culture,Vascular,Vascular_plant,Terrestrial plants,C4 plants,Liliopsida,Zea mays,C4_terrestrial_plant,2.5,3.4,1.1,na,na,4.6,5.6,3.6,,,2.1,na,-0.1,1.1
Besser et al. 2022,Terrestrial,Natural,Vascular,Vascular_plant,Terrestrial plants,C4 plants,Liliopsida,Bouteloua eriopoda,C4_terrestrial_plant,na,na,5.1,na,na,6,na,na,2.6,9.8,na,na,-0.9,-4.7
Besser et al. 2022,Terrestrial,Natural,Vascular,Vascular_plant,Terrestrial plants,C4 plants,Liliopsida,Muhlenbergia sp.,C4_terrestrial_plant,na,na,5.7,na,na,6,na,na,3.5,11.1,na,na,0.6,-5.4
Besser et al. 2022,Terrestrial,Natural,Vascular,Vascular_plant,Terrestrial plants,C4 plants,Magnoliopsida,Euphorbiaceae,C4_terrestrial_plant,na,na,11.8,na,na,11.3,na,na,7.7,16.8,na,na,3,-5
Besser et al. 2022,Terrestrial,Natural,Vascular,Vascular_plant,Terrestrial plants,CAM plants,Magnoliopsida,Cylindropuntia sp.,CAM_terrestrial_plant,na,na,3,na,na,8.5,na,na,1.1,7.5,na,na,-5.1,-4.5
Besser et al. 2022,Terrestrial,Natural,Vascular,Vascular_plant,Terrestrial plants,CAM plants,Magnoliopsida,Opuntia sp.,CAM_terrestrial_plant,na,na,6.3,na,na,8.3,na,na,3.6,12.7,na,na,-0.1,-6.4
Pollierer et al. 2020,Terrestrial,Natural,Vascular,Vascular_plant,Terrestrial plants,not specified,not specified,not specified,,na,na,2.7,na,na,na,na,na,,16.2,na,na,na,-13.5
Pollierer et al. 2020,Terrestrial,Natural,Vascular,Vascular_plant,Terrestrial plants,not specified,not specified,not specified,,na,na,1.2,na,na,na,na,na,,14.6,na,na,na,-13.4
Pollierer et al. 2020,Terrestrial,Natural,Vascular,Vascular_plant,Terrestrial plants,not specified,not specified,not specified,,na,na,1.2,na,na,na,na,na,,15.1,na,na,na,-13.9
Pollierer et al. 2020,Terrestrial,Natural,Vascular,Vascular_plant,Terrestrial plants,not specified,not specified,not specified,,na,na,5.4,na,na,na,na,na,,19.7,na,na,na,-14.3
Pollierer et al. 2020,Terrestrial,Natural,Vascular,Vascular_plant,Terrestrial plants,not specified,not specified,not specified,,na,na,4.3,na,na,na,na,na,,17.6,na,na,na,-13.3
Pollierer et al. 2020,Terrestrial,Natural,Vascular,Vascular_plant,Terrestrial plants,not specified,not specified,not specified,,na,na,2.7,na,na,na,na,na,,13.4,na,na,na,-10.7
Pollierer et al. 2020,Terrestrial,Natural,Vascular,Vascular_plant,Terrestrial plants,not specified,not specified,not specified,,na,na,1.7,na,na,na,na,na,,14.7,na,na,na,-13
Pollierer et al. 2020,Terrestrial,Natural,Vascular,Vascular_plant,Terrestrial plants,not specified,not specified,not specified,,na,na,2.7,na,na,na,na,na,,16.9,na,na,na,-14.2
Pollierer et al. 2020,Terrestrial,Natural,Vascular,Vascular_plant,Terrestrial plants,not specified,not specified,not specified,,na,na,3.1,na,na,na,na,na,,14.3,na,na,na,-11.2
Pollierer et al. 2020,Terrestrial,Natural,Vascular,Vascular_plant,Terrestrial plants,not specified,not specified,not specified,,na,na,1.7,na,na,na,na,na,,15.8,na,na,na,-14.1
Pollierer et al. 2020,Terrestrial,Natural,Vascular,Vascular_plant,Terrestrial plants,not specified,not specified,not specified,,na,na,2,na,na,na,na,na,,14.8,na,na,na,-12.8
Pollierer et al. 2020,Terrestrial,Natural,Vascular,Vascular_plant,Terrestrial plants,not specified,not specified,not specified,,na,na,2.3,na,na,na,na,na,,14.2,na,na,na,-11.9
Pollierer et al. 2020,Terrestrial,Natural,Vascular,Vascular_plant,Terrestrial plants,not specified,not specified,not specified,,na,na,1,na,na,na,na,na,,13.2,na,na,na,-12.2
Pollierer et al. 2020,Terrestrial,Natural,Vascular,Vascular_plant,Terrestrial plants,not specified,not specified,not specified,,na,na,1.1,na,na,na,na,na,,12.2,na,na,na,-11.1
Pollierer et al. 2020,Terrestrial,Natural,Vascular,Vascular_plant,Terrestrial plants,not specified,not specified,not specified,,na,na,2.1,na,na,na,na,na,,14.8,na,na,na,-12.7
Pollierer et al. 2020,Terrestrial,Natural,Vascular,Vascular_plant,Terrestrial plants,not specified,not specified,not specified,,na,na,1.6,na,na,na,na,na,,13.7,na,na,na,-12.1
Pollierer et al. 2020,Terrestrial,Natural,Vascular,Vascular_plant,Terrestrial plants,not specified,not specified,not specified,,na,na,2.6,na,na,na,na,na,,13.5,na,na,na,-10.9
Pollierer et al. 2020,Terrestrial,Natural,Vascular,Vascular_plant,Terrestrial plants,not specified,not specified,not specified,,na,na,0.5,na,na,na,na,na,,11.5,na,na,na,-11
Pollierer et al. 2020,Terrestrial,Natural,Vascular,Vascular_plant,Terrestrial plants,not specified,not specified,not specified,,na,na,0.3,na,na,na,na,na,,15.9,na,na,na,-15.6
Pollierer et al. 2020,Terrestrial,Natural,Vascular,Vascular_plant,Terrestrial plants,not specified,not specified,not specified,,na,na,2,na,na,na,na,na,,13.4,na,na,na,-11.4